FAMILY,Scientific name,CAT,Kriterien IUCN,NHV,Bemerkungen
Hornmoose – Anthocerotae,Anthoceros agrestis Paton,LC,,,abhängig von ökologischen Ausgleichsmassnahmen
Hornmoose – Anthocerotae,Phaeoceros laevis (L.) Prosk.,NE,,,
Hornmoose – Anthocerotae,Phaeoceros laevis (L.) Prosk. subsp. carolinianus (Michx.) Prosk.,EN,A2b; B1ab(iv)+2ab(iv),CH §,abhängig von ökologischen Ausgleichsmassnahmen
Lebermoose – Hepaticae,Anastrepta orcadensis (Hook.) Schiffn.,VU,D2,,
Lebermoose – Hepaticae,Anastrophyllum assimile (Mitt.) Steph.,EN,A2b; B1ab(iv)+2ab(iv),,
Lebermoose – Hepaticae,Anastrophyllum hellerianum (Lindenb.) Schust.,EN,A2b; B1ab(iv)+2ab(iv),,
Lebermoose – Hepaticae,Anastrophyllum minutum (Schreb.) Schust.,LC,,,
Lebermoose – Hepaticae,Aneura pinguis (L.) Dum.,LC,,,
Lebermoose – Hepaticae,Anthelia julacea (L.) Dum.,NE,,,
Lebermoose – Hepaticae,Anthelia julacea (L.) Dum. subsp. julacea,EN,A2b; B1ab(iv)+2ab(iv),,
Lebermoose – Hepaticae,Anthelia julacea (L.) Dum. subsp. juratzkana (Limpr.) Meyl.,LC,,,
Lebermoose – Hepaticae,Apometzgeria pubescens (Schrank) Kuw.,LC,,,
Lebermoose – Hepaticae,Asterella gracilis (Web.) Underw.,VU,D2,,
Lebermoose – Hepaticae,Asterella lindenbergiana (Corda) H. Arnell,LC,,,
Lebermoose – Hepaticae,Asterella saccata (Wahlenb.) Evans,VU,D2,,abhängig vom Schutz der Trocken-standorte
Lebermoose – Hepaticae,Athalamia hyalina (Sommerf.) Hatt.,VU,D2,,
Lebermoose – Hepaticae,Barbilophozia atlantica (Kaal.) K. Müll.,VU,D2,,
Lebermoose – Hepaticae,Barbilophozia attenuata (Mart.) Loeske,LC,,,
Lebermoose – Hepaticae,Barbilophozia barbata (Schreb.) Loeske,LC,,,
Lebermoose – Hepaticae,Barbilophozia floerkei (Web. & Mohr) Loeske,LC,,,
Lebermoose – Hepaticae,Barbilophozia hatcheri (Evans) Loeske,LC,,,
Lebermoose – Hepaticae,Barbilophozia kunzeana (Hüb.) K. Müll.,LC,,,
Lebermoose – Hepaticae,Barbilophozia lycopodioides (Wallr.) Loeske,LC,,,
Lebermoose – Hepaticae,Barbilophozia quadriloba (Lindb.) Loeske,NT,D2,,
Lebermoose – Hepaticae,Bazzania flaccida (Dum.) Grolle,LC,,,im Mittelland ausgestorben
Lebermoose – Hepaticae,Bazzania tricrenata (Wahlenb.) Lindb.,LC,,,
Lebermoose – Hepaticae,Bazzania trilobata (L.) S. Gray,LC,,,
Lebermoose – Hepaticae,Blasia pusilla L.,VU,A2b; D2,,
Lebermoose – Hepaticae,Blepharostoma trichophyllum (L.) Dum.,NE,,,
Lebermoose – Hepaticae,Blepharostoma trichophyllum (L.) Dum. subsp. trichophyllum,LC,,,
Lebermoose – Hepaticae,Calypogeia arguta Nees & Mont.,NT,D2,,
Lebermoose – Hepaticae,Calypogeia azurea Stotl. & Crotz,LC,,,
Lebermoose – Hepaticae,Calypogeia fissa (L.) Raddi,LC,,,
Lebermoose – Hepaticae,Calypogeia integristipula Steph.,LC,,,
Lebermoose – Hepaticae,Calypogeia muelleriana (Schiffn.) K. Müll.,LC,,,
Lebermoose – Hepaticae,Calypogeia neesiana (Mass. & Carest.) Loeske,LC,,,
Lebermoose – Hepaticae,Calypogeia sphagnicola (H. Arnell & J. Perss.),VU,D2,,abhängig vom Moorschutz
Lebermoose – Hepaticae,Calypogeia suecica (H. Arnell & J. Perss.) K.,LC,,,
Lebermoose – Hepaticae,Cephalozia bicuspidata (L.) Dum.,NE,,,
Lebermoose – Hepaticae,Cephalozia bicuspidata (L.) Dum. subsp. ambigua,NT,D2,,
Lebermoose – Hepaticae,Cephalozia bicuspidata (L.) Dum. subsp. bicuspidata,LC,,,
Lebermoose – Hepaticae,Cephalozia catenulata (Hüb.) Lindb.,LC,,,
Lebermoose – Hepaticae,Cephalozia connivens (Dicks.) Lindb.,NT,,,abhängig vom Moorschutz
Lebermoose – Hepaticae,Cephalozia lacinulata Spruce,DD,,,Vorkommen in der Schweiz unsicher
Lebermoose – Hepaticae,Cephalozia leucantha Spruce,EN,B1ab(iv)+2ab(iv),,
Lebermoose – Hepaticae,Cephalozia loitlesbergeri Schiffn.,VU,D2,,
Lebermoose – Hepaticae,Cephalozia lunulifolia (Dum.) Dum.,LC,,,
Lebermoose – Hepaticae,Cephalozia macrostachya Kaal.,VU,D2,,
Lebermoose – Hepaticae,Cephalozia pleniceps (Aust.) Lindb.,LC,,,
Lebermoose – Hepaticae,Cephaloziella arctica Bryhn & Douin,VU,D2,,
Lebermoose – Hepaticae,Cephaloziella divaricata (Sm.) Schiffn.,LC,,,
Lebermoose – Hepaticae,Cephaloziella elachista (Gott. & Rabenh.) Schiffn.,VU,D2,,
Lebermoose – Hepaticae,Cephaloziella elegans (Heeg) Schiffn.,CR,A2b; B1ab(iv)+2ab(iv),,
Lebermoose – Hepaticae,Cephaloziella grimsulana (Gott. & Rabenh.) Lac.,VU,D2,,
Lebermoose – Hepaticae,Cephaloziella hampeana (Nees) Schiffn.,EN,B1ab(iv)+2ab(iv),,
Lebermoose – Hepaticae,Cephaloziella integerrima (Lindb.) Warnst.,VU,D2,,
Lebermoose – Hepaticae,Cephaloziella massalongi (Spruce) K. Müll.,VU,D2,,
Lebermoose – Hepaticae,Cephaloziella phyllacantha (Mass. & Carest.) K.,VU,D2,,
Lebermoose – Hepaticae,Cephaloziella rubella (Nees) Warnst.,LC,,,
Lebermoose – Hepaticae,Cephaloziella stellulifera (Spruce) Schiffn.,VU,D2,,
Lebermoose – Hepaticae,Cephaloziella subdentata Warnst.,VU,D2,,
Lebermoose – Hepaticae,Chiloscyphus polyanthos (L.) Corda,NE,,,
Lebermoose – Hepaticae,Chiloscyphus polyanthos (L.) Corda subsp. pallescens (Hoffm.) Meyl.,LC,,,
Lebermoose – Hepaticae,Chiloscyphus polyanthos (L.) Corda subsp. polyanthos,LC,,,
Lebermoose – Hepaticae,Cladopodiella fluitans (Nees) Buch,NT,,,abhängig vom Moorschutz
Lebermoose – Hepaticae,Cladopodiella francisci (Hook.) Jørg.,VU,D2,,
Lebermoose – Hepaticae,Cololejeunea calcarea (Lib.) Schiffn.,LC,,,
Lebermoose – Hepaticae,Cololejeunea rossettiana (Mass.) Schiffn.,VU,D2,,
Lebermoose – Hepaticae,Conocephalum conicum (L.) Underw.,LC,,,
Lebermoose – Hepaticae,Corsinia coriandrina (Spreng.) Lindb.,VU,D2,,
Lebermoose – Hepaticae,Diplophyllum albicans (L.) Dum.,LC,,,
Lebermoose – Hepaticae,Diplophyllum obtusifolium (Hook.) Dum.,LC,,,
Lebermoose – Hepaticae,Diplophyllum taxifolium (Wahlenb.) Dum.,LC,,,
Lebermoose – Hepaticae,Eremonotus myriocarpus (Carring.) Pears.,LC,,,
Lebermoose – Hepaticae,Fossombronia angulosa (Dicks.) Raddi,VU,D2,,
Lebermoose – Hepaticae,Fossombronia caespitiformis Rabenh.,DD,,,Vorkommen in der Schweiz unsicher
Lebermoose – Hepaticae,Fossombronia foveolata Lindb.,RE,,,"einziger Fund 1909,  Nachsuche erfolglos"
Lebermoose – Hepaticae,Fossombronia incurva Lindb.,VU,D2,,einziger Fund 1990
Lebermoose – Hepaticae,Fossombronia pusilla (L.) Nees,VU,D2,,
Lebermoose – Hepaticae,Fossombronia wondraczekii (Corda) Lindb.,VU,D2,,
Lebermoose – Hepaticae,Frullania cesatiana De Not.,VU,D2,§REG,
Lebermoose – Hepaticae,Frullania dilatata (L.) Dum.,LC,,,
Lebermoose – Hepaticae,Frullania fragilifolia (Tayl.) Gott. & al.,LC,,,
Lebermoose – Hepaticae,Frullania inflata Gott.,VU,D2,,
Lebermoose – Hepaticae,Frullania jackii Gott.,NT,A2b,,
Lebermoose – Hepaticae,Frullania parvistipula Steph.,CR,"B2ab(iii,iv)",§CH,
Lebermoose – Hepaticae,Frullania tamarisci (L.) Dum.,NT,A2b,,
Lebermoose – Hepaticae,Geocalyx graveolens (Schrad.) Nees,CR,A2b; B1ab(iv)+2ab(iv),,
Lebermoose – Hepaticae,Gymnocolea inflata (Huds.) Dum.,LC,,,
Lebermoose – Hepaticae,Gymnomitrion apiculatum (Schiffn.) K. Müll.,VU,D2,,
Lebermoose – Hepaticae,Gymnomitrion concinnatum (Lightf.) Corda,LC,,,
Lebermoose – Hepaticae,Gymnomitrion corallioides Nees,NT,A2b,,
Lebermoose – Hepaticae,Gymnomitrion obtusum (Lindb.) Pears.,VU,D2,,
Lebermoose – Hepaticae,Haplomitrium hookeri (Sm.) Nees,VU,D2,,
Lebermoose – Hepaticae,Harpalejeunea ovata (Hook.) Steph.,VU,D2,,
Lebermoose – Hepaticae,Harpanthus flotovianus (Nees) Nees,VU,D2,,
Lebermoose – Hepaticae,Harpanthus scutatus (Web. & Mohr) Spruce,EN,"B1ab(i,iv)+2ab(iv)",,
Lebermoose – Hepaticae,Hygrobiella laxifolia (Hook.) Spruce,VU,D2,,
Lebermoose – Hepaticae,Jamesoniella autumnalis (DC.) Steph.,EN,A2b; B1ab(iv)+2ab(iv),,
Lebermoose – Hepaticae,Jamesoniella undulifolia (Nees) K. Müll.,CR,B1ab(iv)+2ab(iv),§REG,
Lebermoose – Hepaticae,Jungermannia atrovirens Dum.,LC,,,
Lebermoose – Hepaticae,Jungermannia borealis Damsh. & Vána,VU,D2,,
Lebermoose – Hepaticae,Jungermannia caespiticia Lindenb.,VU,D2,,
Lebermoose – Hepaticae,Jungermannia confertissima Nees,NT,D2,,
Lebermoose – Hepaticae,Jungermannia exsertifolia Steph.,NE,,,
Lebermoose – Hepaticae,Jungermannia exsertifolia Steph. subsp. cordifolia (Dum.) Vána,VU,D2,,
Lebermoose – Hepaticae,Jungermannia gracillima Sm.,LC,,,
Lebermoose – Hepaticae,Jungermannia hyalina Lyell,LC,,,
Lebermoose – Hepaticae,Jungermannia leiantha Grolle,VU,A2b,,
Lebermoose – Hepaticae,Jungermannia obovata Nees,LC,,,
Lebermoose – Hepaticae,Jungermannia polaris Lindb.,LC,,,
Lebermoose – Hepaticae,Jungermannia pumila With.,VU,D2,,
Lebermoose – Hepaticae,Jungermannia sphaerocarpa Hook.,LC,,,
Lebermoose – Hepaticae,Jungermannia subelliptica (Kaal.) Lev.,VU,D2,,
Lebermoose – Hepaticae,Jungermannia subulata Evans,DD,,,
Lebermoose – Hepaticae,Kurzia pauciflora (Dicks.) Grolle,EN,B1ab(iv)+2ab(iv),,
Lebermoose – Hepaticae,Kurzia trichoclados (K. Müll.) Grolle,VU,D2,,
Lebermoose – Hepaticae,Lejeunea cavifolia (Ehrh.) Lindb.,LC,,,
Lebermoose – Hepaticae,Lejeunea lamacerina (Steph.) Schiffn.,VU,D2,,
Lebermoose – Hepaticae,Lejeunea ulicina (Tayl.) Gott. & al.,LC,,,
Lebermoose – Hepaticae,Lepidozia reptans (L.) Dum.,LC,,,
Lebermoose – Hepaticae,Lophocolea bidentata (L.) Dum.,LC,,,
Lebermoose – Hepaticae,Lophocolea heterophylla (Schrad.) Dum.,LC,,,
Lebermoose – Hepaticae,Lophocolea minor Nees,LC,,,
Lebermoose – Hepaticae,Lophozia ascendens (Warnst.) Schust.,LC,,,
Lebermoose – Hepaticae,Lophozia badensis (Gott.) Schiffn.,LC,,,
Lebermoose – Hepaticae,Lophozia bantriensis (Hook.) Steph.,LC,,,
Lebermoose – Hepaticae,Lophozia bicrenata (Hoffm.) Dum.,VU,A2b,,
Lebermoose – Hepaticae,Lophozia capitata (Hook.) Mac.,NE,,,
Lebermoose – Hepaticae,Lophozia capitata (Hook.) Mac. subsp. laxa (Lindb.) Bisang,EN,B1ab(iv)+2ab(iv),,abhängig vom Moorschutz
Lebermoose – Hepaticae,Lophozia collaris (Nees) Dum.,LC,,,
Lebermoose – Hepaticae,Lophozia decolorans (Limpr.) Steph.,LC,,,
Lebermoose – Hepaticae,Lophozia excisa (Dicks.) Dum.,LC,,,
Lebermoose – Hepaticae,Lophozia gillmanii (Aust.) Schust.,VU,D2,,
Lebermoose – Hepaticae,Lophozia grandiretis (Kaal.) Schiffn.,VU,D2,,
Lebermoose – Hepaticae,Lophozia heterocolpos (Hartm.) Howe,LC,,,
Lebermoose – Hepaticae,Lophozia incisa (Schrad.) Dum.,NE,,,
Lebermoose – Hepaticae,Lophozia incisa (Schrad.) Dum. subsp. incisa,LC,,,
Lebermoose – Hepaticae,Lophozia incisa (Schrad.) Dum. subsp. opacifolia (Culm.) Schust. & Damsh.,LC,,,
Lebermoose – Hepaticae,Lophozia longidens (Lindb.) Mac.,LC,,,im Jura gefährdet
Lebermoose – Hepaticae,Lophozia longiflora (Nees) Schiffn.,LC,,,
Lebermoose – Hepaticae,Lophozia obtusa (Lindb.) Evans,LC,,,
Lebermoose – Hepaticae,Lophozia perssonii Buch & S. Arnell,VU,D2,,
Lebermoose – Hepaticae,Lophozia sudetica (Hüb.) Grolle,LC,,,
Lebermoose – Hepaticae,Lophozia turbinata (Raddi) Steph.,EN,D2,,"einziger Fund 1986,  Upgrading vorgenommen"
Lebermoose – Hepaticae,Lophozia ventricosa (Dicks.) Dum.,LC,,,
Lebermoose – Hepaticae,Lophozia wenzelii (Nees) Steph.,LC,,,
Lebermoose – Hepaticae,Lunularia cruciata (L.) Dum.,LC,,,"möglicherweise eingeschleppt, vermutlich in Ausbreitung"
Lebermoose – Hepaticae,Mannia androgyna (L.) Evans,CR,B2ab(iv),,nur aus dem Tessin bekannt
Lebermoose – Hepaticae,Mannia fragrans (Balb.) Frye & Clark,VU,D2,,abhängig vom Schutz der Trocken-standorte
Lebermoose – Hepaticae,Mannia pilosa (Hornem.) Frye & Clark,VU,D2,,
Lebermoose – Hepaticae,Mannia triandra (Scop.) Grolle,VU,D2,§REG,
Lebermoose – Hepaticae,Marchantia paleacea Bertol.,VU,D2,,"möglicherweise ausgestorben, einzi-ger Fund 1923, Suche erfolglos"
Lebermoose – Hepaticae,Marchantia polymorpha L.,LC,,,
Lebermoose – Hepaticae,Marsupella adusta (Nees) Spruce,VU,D2,,
Lebermoose – Hepaticae,Marsupella alpina (Limpr.) H. Bern.,VU,D2,,
Lebermoose – Hepaticae,Marsupella boeckii (Aust.) Kaal.,VU,D2,,letzter Fund 1976
Lebermoose – Hepaticae,Marsupella brevissima (Dum.) Grolle,LC,,,nur aus dem Wallis bekannt
Lebermoose – Hepaticae,Marsupella commutata (Limpr.) H. Bern.,VU,D2,,
Lebermoose – Hepaticae,Marsupella emarginata (Ehrh.) Dum.,LC,,,
Lebermoose – Hepaticae,Marsupella funckii (Web. & Mohr) Dum.,LC,,,
Lebermoose – Hepaticae,Marsupella revoluta (Nees) Dum.,CR,A2b; B2ab(iv),,
Lebermoose – Hepaticae,Marsupella sparsifolia (Lindb.) Dum.,VU,D2,,
Lebermoose – Hepaticae,Marsupella sphacelata (Lindenb.) Dum.,LC,,,
Lebermoose – Hepaticae,Marsupella sprucei (Limpr.) H. Bern.,LC,,,
Lebermoose – Hepaticae,Metzgeria conjugata Lindb.,LC,,,
Lebermoose – Hepaticae,Metzgeria fruticulosa (Dicks.) Evans,LC,,,
Lebermoose – Hepaticae,Metzgeria furcata (L.) Dum.,LC,,,
Lebermoose – Hepaticae,Metzgeria temperata Kuw.,LC,,,erst 1976 beschrieben
Lebermoose – Hepaticae,Moerckia blyttii (Mørch) Brockm.,LC,,,
Lebermoose – Hepaticae,Moerckia hibernica (Hook.) Gott.,EN,A2b,,
Lebermoose – Hepaticae,Mylia anomala (Hook.) S. Gray,NT,,,"abhängig vom Moorschutz,  im Mittelland gefährdet"
Lebermoose – Hepaticae,Mylia taylorii (Hook.) S. Gray,VU,D2,,
Lebermoose – Hepaticae,Nardia breidleri (Limpr.) Lindb.,VU,D2,,
Lebermoose – Hepaticae,Nardia compressa (Hook.) S. Gray,NT,D2,,
Lebermoose – Hepaticae,Nardia geoscyphus (De Not.) Lindb.,LC,,,
Lebermoose – Hepaticae,Nardia insecta Lindb.,VU,D2,,letzter Fund 1982
Lebermoose – Hepaticae,Nardia scalaris S. Gray,NE,,,
Lebermoose – Hepaticae,Nardia scalaris S. Gray subsp. scalaris,LC,,,
Lebermoose – Hepaticae,Nowellia curvifolia (Dicks.) Mitt.,LC,,,
Lebermoose – Hepaticae,Odontoschisma denudatum (Mart.) Dum.,NT,D2,,abhängig vom Moorschutz
Lebermoose – Hepaticae,Odontoschisma elongatum (Lindb.) Evans,NT,,,abhängig vom Moorschutz
Lebermoose – Hepaticae,Odontoschisma macounii (Aust.) Underw.,VU,D2,,
Lebermoose – Hepaticae,Odontoschisma sphagni (Dicks.) Dum.,VU,D2,,
Lebermoose – Hepaticae,Oxymitra incrassata (Brotero) Sérgio & Sim-Sim,VU,D2,,"nur aus dem Wallis bekannt, abhängig vom Schutz der Trockenstandorte"
Lebermoose – Hepaticae,Pedinophyllum interruptum (Nees) Kaal.,LC,,,
Lebermoose – Hepaticae,Pellia endiviifolia (Dicks.) Dum.,LC,,,
Lebermoose – Hepaticae,Pellia epiphylla (L.) Corda,LC,,,
Lebermoose – Hepaticae,Pellia epiphylla (L.) Corda subsp. epiphylla,DD,,,"subsp. borealis unterscheidet sich nur im Chromosomensatz, von dieser gibt es keinen sicheren Nachweis"
Lebermoose – Hepaticae,Pellia neesiana (Gott.) Limpr.,LC,,,
Lebermoose – Hepaticae,Peltolepis quadrata (Saut.) K. Müll.,EN,B2ab(iv),,
Lebermoose – Hepaticae,Plagiochasma rupestre (R. & G. Forst.) Steph.,VU,D2,,Rückgang unklar
Lebermoose – Hepaticae,Plagiochila asplenioides (L.) Dum.,LC,,,
Lebermoose – Hepaticae,Plagiochila britannica Paton,VU,D2,,
Lebermoose – Hepaticae,Plagiochila exigua (Tayl.) Tayl.,VU,D2,,
Lebermoose – Hepaticae,Plagiochila porelloides (Nees) Lindenb.,LC,,,
Lebermoose – Hepaticae,Pleurocladula albescens (Hook.) Grolle,LC,,,
Lebermoose – Hepaticae,Pleurocladula islandica (Nees) Grolle,VU,D2,,Taxonomie unklar
Lebermoose – Hepaticae,Porella arboris-vitae (With.) Grolle,VU,A2b,,im Mittelland stark gefährdet
Lebermoose – Hepaticae,Porella cordaeana (Hüb.) Moore,EN,A2b; B1ab(iv)+2ab(iv),,
Lebermoose – Hepaticae,Porella platyphylla (L.) Pfeiff.,NE,,,
Lebermoose – Hepaticae,Porella platyphylla (L.) Pfeiff. subsp. baueri(Schiffn.) Vand. Bergh,DD,,,
Lebermoose – Hepaticae,Porella platyphylla (L.) Pfeiff. subsp. platyphylla,LC,,,
Lebermoose – Hepaticae,Preissia quadrata (Scop.) Nees,LC,,,
Lebermoose – Hepaticae,Ptilidium ciliare (L.) Hampe,LC,,,
Lebermoose – Hepaticae,Ptilidium pulcherrimum (G. Web.) Vainio,LC,,,
Lebermoose – Hepaticae,Radula complanata (L.) Dum.,NE,,,
Lebermoose – Hepaticae,Radula complanata (L.) Dum. subsp. complanata,LC,,,
Lebermoose – Hepaticae,Radula complanata (L.) Dum. subsp. lindenbergiana (Hartm. f.) Schust.,LC,,,
Lebermoose – Hepaticae,Reboulia hemisphaerica (L.) Raddi,VU,D2,,abhängig vom Schutz der Trocken-standorte
Lebermoose – Hepaticae,Riccardia chamaedryfolia (With.) Grolle,VU,D2,,
Lebermoose – Hepaticae,Riccardia incurvata Lindb.,VU,D2,,
Lebermoose – Hepaticae,Riccardia latifrons (Lindb.) Lindb.,LC,,,abhängig vom Moorschutz
Lebermoose – Hepaticae,Riccardia multifida (L.) S. Gray,LC,,,
Lebermoose – Hepaticae,Riccardia palmata (Hedw.) Carruth.,LC,,,
Lebermoose – Hepaticae,Riccia bifurca Hoffm.,CR,B1ab(iv)+2ab(iv),,
Lebermoose – Hepaticae,Riccia breidleri Steph.,VU,D2,§CH,
Lebermoose – Hepaticae,Riccia canaliculata Hoffm.,RE,,,"letzter Fund 1907, Nachsuche einzel-ner Populationen erfolglos"
Lebermoose – Hepaticae,Riccia cavernosa Hoffm.,CR,B2ab(iv),,
Lebermoose – Hepaticae,Riccia ciliata Hoffm.,VU,D2,,
Lebermoose – Hepaticae,Riccia ciliifera Lindenb.,VU,D2,,abhängig vom Schutz der Trocken-standorte
Lebermoose – Hepaticae,Riccia crozalsii Lev.,VU,D2,,
Lebermoose – Hepaticae,Riccia fluitans L.,VU,D2,,abhängig vom Moor- und Auenschutz
Lebermoose – Hepaticae,Riccia glauca L.,LC,,,
Lebermoose – Hepaticae,Riccia gougetiana Dur. & Mont.,VU,D2,,abhängig vom Schutz der Trocken-standorte
Lebermoose – Hepaticae,Riccia huebeneriana Lindenb.,EN,D2,,"einziger Fund 1984, Upgrading vorgenommen"
Lebermoose – Hepaticae,Riccia ligula Steph.,VU,D2,,"möglicherweise ausgestorben,  letzter Fund 1935, Suche erfolglos"
Lebermoose – Hepaticae,Riccia michelii Raddi,VU,D2,,
Lebermoose – Hepaticae,Riccia nigrella DC.,VU,D2,,"nur Wallis und Tessin, abhängig vom Schutz der Trockenstandorte"
Lebermoose – Hepaticae,Riccia rhenana Lorb.,DD,,,"sicher zu bestimmen, Verbreitung ungenügend bekannt"
Lebermoose – Hepaticae,Riccia sorocarpa Bisch.,LC,,,
Lebermoose – Hepaticae,Riccia subbifurca Croz.,VU,D2,,abhängig vom Schutz der Trocken-standorte
Lebermoose – Hepaticae,Riccia trichocarpa Howe,VU,D2,,abhängig vom Schutz der Trocken-standorte
Lebermoose – Hepaticae,Riccia warnstorfii Limpr.,VU,D2,,
Lebermoose – Hepaticae,Ricciocarpos natans (L.) Corda,VU,D2,§CH,
Lebermoose – Hepaticae,Riella notarisii (Mont.) Mont.,RE,,,"letzter Fund 1917, Nachsuche aller Populationen erfolglos"
Lebermoose – Hepaticae,Sauteria alpina (Nees) Nees,VU,D2,,
Lebermoose – Hepaticae,Scapania aequiloba (Schwaegr.) Dum.,LC,,,im Mittelland selten
Lebermoose – Hepaticae,Scapania apiculata Spruce,VU,D2,,letzter Fund 1977
Lebermoose – Hepaticae,Scapania aspera M. & H. Bernet,LC,,,
Lebermoose – Hepaticae,Scapania calcicola (H. Arnell & J. Persson) Ingh.,VU,D2,,
Lebermoose – Hepaticae,Scapania compacta (A. Roth) Dum.,VU,D2,,letzter Fund 1969
Lebermoose – Hepaticae,Scapania crassiretis Bryhn,VU,D2,,
Lebermoose – Hepaticae,Scapania curta (Mart.) Dum.,EN,A2b; B1ab(iv)+2ab(iv),,
Lebermoose – Hepaticae,Scapania cuspiduligera (Nees) K. Müll.,LC,,,
Lebermoose – Hepaticae,Scapania degenii K. Müll.,DD,,,"Vorkommen in der Schweiz unsicher, einziger Fund nicht sicher bestimmbar"
Lebermoose – Hepaticae,Scapania gymnostomophila Kaal.,CR,B2ab(iv),,"möglicherweise ausgestorben, letzter Fund 1924"
Lebermoose – Hepaticae,Scapania helvetica Gott.,VU,D2,§REG,
Lebermoose – Hepaticae,Scapania hyperborea Jørg.,VU,D2,,einziger Fund 1992
Lebermoose – Hepaticae,Scapania irrigua (Nees) Nees,NE,,,
Lebermoose – Hepaticae,Scapania irrigua (Nees) Nees subsp. irrigua,LC,,,
Lebermoose – Hepaticae,Scapania massalongi (K. Müll.) K. Müll.,VU,D2,§REG,"möglicherweise ausgestorben, letzter Fund 1909, Nachsuche aller Populati-"
Lebermoose – Hepaticae,Scapania mucronata Buch,NT,D2,,
Lebermoose – Hepaticae,Scapania nemorea (L.) Grolle,LC,,,im östlichen Mittelland und Jura gefährdet
Lebermoose – Hepaticae,Scapania paludicola Loeske & K. Müll.,LC,,,
Lebermoose – Hepaticae,Scapania paludosa (K. Müll.) K. Müll.,LC,,,
Lebermoose – Hepaticae,Scapania praetervisa Meyl.,VU,D2,,
Lebermoose – Hepaticae,Scapania scandica (H. Arnell & Buch) Macv.,LC,,,
Lebermoose – Hepaticae,Scapania scapanioides (Mass.) Grolle,VU,D2,§REG,
Lebermoose – Hepaticae,Scapania subalpina (Lindenb.) Dum.,LC,,,
Lebermoose – Hepaticae,Scapania uliginosa (Lindenb.) Dum.,LC,,,
Lebermoose – Hepaticae,Scapania umbrosa (Schrad.) Dum.,LC,,,
Lebermoose – Hepaticae,Scapania undulata (L.) Dum.,LC,,,
Lebermoose – Hepaticae,Scapania verrucosa Heeg,VU,D2,,
Lebermoose – Hepaticae,Sphaerocarpos texanus Aust.,EN,D2,,"Neufund 2002 (Umgebung von Basel), Upgrading vorgenommen"
Lebermoose – Hepaticae,Targionia hypophylla L.,VU,D2,,abhängig vom Schutz der Trocken-standorte
Lebermoose – Hepaticae,Trichocolea tomentella (Ehrh.) Dum.,LC,,,
Lebermoose – Hepaticae,Tritomaria exsecta (Schrad.) Loeske,LC,,,
Lebermoose – Hepaticae,Tritomaria exsectiformis (Breidl.) Loeske,NT,A2b,,
Lebermoose – Hepaticae,Tritomaria polita (Nees) Jørg.,LC,,,
Lebermoose – Hepaticae,Tritomaria quinquedentata (Huds.) Buch,LC,,,
Lebermoose – Hepaticae,Tritomaria scitula (Tayl.) Jørg.,LC,,,
Laubmoose – Musci,Acaulon muticum (Hedw.) C. Müll.,CR,"A2b; B2ab(ii,iii,iv)",,starker Rückgang durch intensivierte Landwirtschaft
Laubmoose – Musci,Acaulon triquetrum (Spruce) C. Müll.,VU,D2,,abhängig vom Schutz der Trocken-standorte
Laubmoose – Musci,Aloina aloides (K. F. Schultz) Kindb.,CR,B2ab(iv),,abhängig vom Schutz der Trocken-standorte
Laubmoose – Musci,Aloina brevirostris (Hook. & Grev.) Kindb.,VU,D2,,
Laubmoose – Musci,Aloina rigida (Hedw.) Limpr.,NT,D2,,
Laubmoose – Musci,Amblyodon dealbatus (Hedw.) P. Beauv.,VU,A2b,,"im Jura stärker gefährdet, letzter Fund dort 1903"
Laubmoose – Musci,Amblystegium compactum (C. Müll.) Aust.,VU,D2,,"möglicherweise ausgestorben, letzter Fund 1921"
Laubmoose – Musci,Amblystegium confervoides (Brid.) Schimp.,LC,,,
Laubmoose – Musci,Amblystegium fluviatile (Hedw.) Schimp.,VU,D2,,abhängig vom Gewässerschutz
Laubmoose – Musci,Amblystegium humile (P. Beauv.) Crundw.,VU,D2,,
Laubmoose – Musci,Amblystegium jungermannioides (Brid.) A. J. E.,LC,,,
Laubmoose – Musci,Amblystegium riparium (Hedw.) Schimp.,LC,,,
Laubmoose – Musci,Amblystegium saxatile Schimp.,VU,D2,,
Laubmoose – Musci,Amblystegium serpens (Hedw.) Schimp.,NE,,,
Laubmoose – Musci,Amblystegium serpens (Hedw.) Schimp. subsp. juratzkanum (Schimp.) Ren. & Card.,LC,,,
Laubmoose – Musci,Amblystegium serpens (Hedw.) Schimp. subsp. serpens,LC,,,
Laubmoose – Musci,Amblystegium subtile (Hedw.) Schimp.,LC,,,
Laubmoose – Musci,Amblystegium tenax (Hedw.) C. Jens.,LC,,,
Laubmoose – Musci,Amblystegium varium (Hedw.) Lindb.,LC,,,
Laubmoose – Musci,Amphidium lapponicum (Hedw.) Schimp.,LC,,,
Laubmoose – Musci,Amphidium mougeotii (B. & S.) Schimp.,LC,,,
Laubmoose – Musci,Anacamptodon splachnoides (Brid.) Brid.,RE,,,"letzter Fund im 19. Jh., Nachsuche der meisten Populationen erfolglos"
Laubmoose – Musci,Andreaea crassinervia Bruch,VU,D2,,
Laubmoose – Musci,Andreaea frigida Hüb.,VU,D2,,
Laubmoose – Musci,Andreaea heinemannii Hampe & C. Müll.,VU,D2,§REG,
Laubmoose – Musci,Andreaea nivalis Hook.,NT,D2,,
Laubmoose – Musci,Andreaea rothii Web. & Mohr,NE,,,
Laubmoose – Musci,Andreaea rothii Web. & Mohr subsp. falcata,VU,D2,§REG,
Laubmoose – Musci,Andreaea rothii Web. & Mohr subsp. rothii,VU,D2,§REG,Rückgang unklar
Laubmoose – Musci,Andreaea rupestris Hedw.,NE,,,
Laubmoose – Musci,Andreaea rupestris Hedw. subsp. alpestris,LC,,,
Laubmoose – Musci,Andreaea rupestris Hedw. subsp. rupestris,LC,,,
Laubmoose – Musci,Anoectangium aestivum (Hedw.) Mitt.,LC,,,
Laubmoose – Musci,Anoectangium hornschuchianum (Hook.) ex,EN,,,
Laubmoose – Musci,"Anomobryum julaceum (Gaertn., Meyer & Scherb.) Schimp.  ",NT,,,
Laubmoose – Musci,Anomodon attenuatus (Hedw.) Hüb.,LC,,,
Laubmoose – Musci,Anomodon longifolius (Brid.) Hartm.,LC,,,
Laubmoose – Musci,Anomodon rostratus (Hedw.) Schimp.,VU,D2,,nur aus dem Tessin bekannt
Laubmoose – Musci,Anomodon rugelii (C. Müll.) Keissl.,LC,,,
Laubmoose – Musci,Anomodon viticulosus (Hedw.) Hook. & Tayl.,LC,,,
Laubmoose – Musci,Antitrichia curtipendula (Hedw.) Brid.,NE,,,
Laubmoose – Musci,Antitrichia curtipendula (Hedw.) Brid. subsp.,LC,,,
Laubmoose – Musci,"Aongstroemia longipes (Somm.) B., S. & G.  ",VU,D2,,
Laubmoose – Musci,Archidium alternifolium (Hedw.) Schimp.,CR,A2b; B1ab(iv)+2ab(iv),,"nur noch aus d. Tessin bekannt, auf d. Alpennordseite letzter Fund 1905"
Laubmoose – Musci,"Arctoa fulvella (Dicks.) B., S. & G.  ",VU,D2,,
Laubmoose – Musci,"Atrichum angustatum (Brid.) B., S. & G.  ",LC,,,nur von der Alpensüdseite bekannt
Laubmoose – Musci,"Atrichum tenellum (Röhl.) B., S. & G.  ",LC,,,
Laubmoose – Musci,Atrichum undulatum (Hedw.) P. Beauv.,LC,,,
Laubmoose – Musci,Aulacomnium androgynum (Hedw.) Schwaegr.,VU,D2,,
Laubmoose – Musci,Aulacomnium palustre (Hedw.) Schwaegr.,LC,,,
Laubmoose – Musci,Barbula acuta (Brid.) Brid.,NE,,,
Laubmoose – Musci,Barbula acuta (Brid.) Brid. subsp. acuta,LC,,,
Laubmoose – Musci,Barbula acuta (Brid.) Brid. subsp. icmadophila (C.Müll.) Podp.,VU,,,
Laubmoose – Musci,Barbula asperifolia Mitt.,VU,D2,§CH,"Berggipfelmoos, wohl untersammelt"
Laubmoose – Musci,"Barbula bicolor (B., S. & G.) Lindb.  ",VU,D2,,
Laubmoose – Musci,Barbula convoluta Hedw.,LC,,,
Laubmoose – Musci,Barbula cordata (Jur.) Braithw.,NE,,,
Laubmoose – Musci,Barbula cordata (Jur.) Braithw. subsp. cordata,VU,D2,,
Laubmoose – Musci,Barbula crocea (Brid.) Web. & Mohr,LC,,,
Laubmoose – Musci,Barbula ehrenbergii (Lor.) Fleisch.,VU,D2,,"möglicherweise ausgestorben, einzi-ger Fund 1921,Suche erfolglos"
Laubmoose – Musci,Barbula enderesii Garov.,VU,D2,,letzter Fund 1981
Laubmoose – Musci,Barbula fallax Hedw.,LC,,,
Laubmoose – Musci,Barbula gigantea Funck,LC,,,
Laubmoose – Musci,Barbula hornschuchiana K. F. Schultz,LC,,,
Laubmoose – Musci,Barbula johansenii Williams,VU,D2,,
Laubmoose – Musci,Barbula lurida (Hornsch.) Lindb.,NE,,,
Laubmoose – Musci,Barbula lurida (Hornsch.) Lindb. subsp. lurida,LC,,,
Laubmoose – Musci,Barbula reflexa (Brid.) Brid.,LC,,,
Laubmoose – Musci,Barbula revoluta Brid.,CR,"B2ab(ii,iv)",,abhängig vom Schutz der Trocken-standorte
Laubmoose – Musci,Barbula rigidula (Hedw.) Mitt.,NE,,,
Laubmoose – Musci,Barbula rigidula (Hedw.) Mitt. subsp. andreaeoides (Limpr.) Culm.,VU,,,
Laubmoose – Musci,Barbula rigidula (Hedw.) Mitt. subsp. glauca (Ryan) Podp.,VU,,,
Laubmoose – Musci,Barbula rigidula (Hedw.) Mitt. subsp. rigidula,LC,,,
Laubmoose – Musci,Barbula rigidula (Hedw.) Mitt. subsp. verbana,VU,D2,REG,nur aus dem Tessin bekannt
Laubmoose – Musci,Barbula sinuosa (Mitt.) Garov.,VU,D2,,
Laubmoose – Musci,Barbula spadicea (Mitt.) Braithw.,LC,,,
Laubmoose – Musci,Barbula tophacea (Brid.) Mitt.,NT,D2,,
Laubmoose – Musci,Barbula unguiculata Hedw.,LC,,,
Laubmoose – Musci,Barbula vinealis Brid.,NE,,,
Laubmoose – Musci,Barbula vinealis Brid. subsp. cylindrica (Tayl.),VU,,,
Laubmoose – Musci,Barbula vinealis Brid. subsp. vinealis,CR,B2ab(iv),,abhängig vom Schutz der Trocken-standorte
Laubmoose – Musci,Bartramia halleriana Hedw.,LC,,,
Laubmoose – Musci,Bartramia ithyphylla Brid.,LC,,,
Laubmoose – Musci,Bartramia pomiformis Hedw.,LC,,,
Laubmoose – Musci,Bartramia subulata B. & S.,VU,D2,,
Laubmoose – Musci,"Blindia acuta (Hedw.) B., S. & G.  ",LC,,,
Laubmoose – Musci,Blindia caespiticia (Web. & Mohr) C. Müll.,VU,D2,,
Laubmoose – Musci,Brachydontium trichodes (Web.) Milde,CR,B2ab(iv),,
Laubmoose – Musci,Brachythecium albicans (Hedw.) Schimp.,LC,,,
Laubmoose – Musci,Brachythecium campestre (C. Müll.) Schimp.,VU,D2,,
Laubmoose – Musci,Brachythecium erythrorrhizon Schimp.,NT,D2,,bisher nur im westlichen Teil der Schweiz gefunden
Laubmoose – Musci,Brachythecium fendleri (Sull.) Jaeg.,LC,,,
Laubmoose – Musci,Brachythecium geheebii Milde,CR,B2ab(iv),,
Laubmoose – Musci,Brachythecium glaciale Schimp.,LC,,,
Laubmoose – Musci,Brachythecium glareosum (Spruce) Schimp.,LC,,,
Laubmoose – Musci,Brachythecium latifolium Kindb.,VU,D2,,
Laubmoose – Musci,Brachythecium mildeanum (Schimp.) Milde,LC,,,
Laubmoose – Musci,Brachythecium oxycladum (Brid.) Jaeg.,LC,,,
Laubmoose – Musci,Brachythecium plumosum (Hedw.) Schimp.,LC,,,
Laubmoose – Musci,Brachythecium populeum (Hedw.)Schimp.,LC,,,
Laubmoose – Musci,Brachythecium reflexum (Starke) Schimp.,LC,,,
Laubmoose – Musci,Brachythecium rivulare Schimp.,LC,,,
Laubmoose – Musci,Brachythecium rutabulum (Hedw.) Schimp.,LC,,,
Laubmoose – Musci,Brachythecium salebrosum (Web. & Mohr),NE,,,
Laubmoose – Musci,Brachythecium salebrosum (Web. & Mohr) Schimp. subsp. rotaeanum (De Not.) Amann,DD,,,"Status unklar, da eventuell nicht richtig erkannt"
Laubmoose – Musci,Schimp. subsp. salebrosum,LC,,,
Laubmoose – Musci,Brachythecium starkei (Brid.) Schimp.,NE,,,
Laubmoose – Musci,Brachythecium starkei (Brid.) Schimp. subsp. curtum (Lindb.) Amann,DD,,,"genaue Verbreitung nicht bekannt, da wohl übersehen"
Laubmoose – Musci,Brachythecium starkei (Brid.) Schimp. subsp.,LC,,,
Laubmoose – Musci,Brachythecium trachypodium (Brid.) Schimp.,VU,D2,,
Laubmoose – Musci,Brachythecium turgidum (Hartm.) Kindb.,LC,,,
Laubmoose – Musci,Brachythecium velutinum (Hedw.) Schimp.,LC,,,
Laubmoose – Musci,Braunia alopecura (Brid.) Limpr.,VU,D2,,kommt nur in der Südschweiz vor
Laubmoose – Musci,Breutelia chrysocoma (Hedw.) Lindb.,LC,,,"nur in der Innerschweiz und im Tessin erst seit 1951 bekannt, beschränktes Verbreitungsgebiet zwischen Obwalden und Linthebene."
Laubmoose – Musci,Brotherella lorentziana (Mol.) Loeske,VU,D2,,
Laubmoose – Musci,Bryoerythrophyllum ferruginascens (Stirt.) Giac.,LC,,,
Laubmoose – Musci,Bryoerythrophyllum recurvirostre (Hedw.) Chen,NE,,,
Laubmoose – Musci,Bryoerythrophyllum recurvirostre (Hedw.) Chen,VU,D2,,
Laubmoose – Musci,subsp. recurvirostre,LC,,,
Laubmoose – Musci,Bryoerythrophyllum rubrum (Geh.) Chen,EN,A2b; B1ab(iv)+2ab(iv),,nur aus der Westschweiz bekannt
Laubmoose – Musci,Bryum algovicum C. Müll.,VU,D2,,
Laubmoose – Musci,Bryum alpinum With.,NT,D2,,
Laubmoose – Musci,"Bryum archangelicum B., S. & G.",VU,D2,,letzter Fund 1977
Laubmoose – Musci,"Bryum arcticum (R. Br.) B., S. & G.",VU,D2,,
Laubmoose – Musci,"Bryum arcticum (R. Br.) B., S. & G. subsp.",DD,,,Taxonomie unklar
Laubmoose – Musci,"Bryum arcticum (R. Br.) B., S. & G. subsp. arcuatum (Limpr.) Amann",DD,,,Taxonomie unklar
Laubmoose – Musci,"Bryum arcticum (R. Br.) B., S. & G. subsp. helveticum (Philib.) Amann",DD,,,Taxonomie unklar
Laubmoose – Musci,"Bryum arcticum (R. Br.) B., S. & G. subsp.",DD,,,Taxonomie unklar
Laubmoose – Musci,Bryum argenteum Hedw.,NE,,,
Laubmoose – Musci,Bryum argenteum Hedw. subsp. argenteum,LC,,,
Laubmoose – Musci,Bryum argenteum Hedw. subsp. veronense (De,VU,,REG,
Laubmoose – Musci,Bryum bicolor Dicks.,NE,,,
Laubmoose – Musci,Bryum bicolor Dicks. subsp. bicolor,LC,,,
Laubmoose – Musci,Bryum bicolor Dicks. subsp. dixonii (Nich.) Podp.,DD,,,Vorkommen in der Schweiz unsicher
Laubmoose – Musci,"Bryum blindii B., S. & G.",VU,D2,,
Laubmoose – Musci,Bryum caespiticium Hedw.,LC,,,Unterarten möglicherweise gefährdet
Laubmoose – Musci,Bryum caespiticium Hedw. subsp. badium (Brid.),DD,,,
Laubmoose – Musci,Bryum caespiticium Hedw. subsp. caespiticium,DD,,,Taxonomie unklar
Laubmoose – Musci,Bryum caespiticium Hedw. subsp. comense,DD,,,
Laubmoose – Musci,Bryum caespiticium Hedw. subsp. culmannii,DD,,,
Laubmoose – Musci,Bryum caespiticium Hedw. subsp. kunzei (Hoppe,DD,,,
Laubmoose – Musci,Bryum caespiticium Hedw. subsp. pseudokunzei,DD,,,
Laubmoose – Musci,Bryum caespiticium Hedw. subsp. ruebelianum,DD,,,
Laubmoose – Musci,Bryum capillare Hedw.,LC,,,
Laubmoose – Musci,Bryum colombii Meyl.,DD,,,Taxonomie unklar
Laubmoose – Musci,Bryum creberrimum Tayl.,NT,D2,,
Laubmoose – Musci,Bryum donianum Grev.,DD,,,Verbreitung und taxonomischer Status zu wenig bekannt
Laubmoose – Musci,Bryum dunense Smith & Whitehouse,DD,,,Vorkommen in der Schweiz unsicher
Laubmoose – Musci,Bryum elegans Brid.,LC,,,
Laubmoose – Musci,Bryum funckii Schwaegr.,VU,D2,,
Laubmoose – Musci,Bryum gemmiferum R. Wilczek & Demaret,VU,D2,,einziger Fund 2003
Laubmoose – Musci,Bryum gemmiparum De Not.,CR,B1ab(iv)+2ab(iv),,
Laubmoose – Musci,Bryum imbricatum (Schwaegr.) B. & S.,LC,,,
Laubmoose – Musci,Bryum intermedium (Brid.) Bland.,VU,D2,,
Laubmoose – Musci,Bryum intermedium (Brid.) Bland. subsp.,DD,,,Taxonomie unklar
Laubmoose – Musci,Bryum intermedium (Brid.) Bland. subsp.,DD,,,Taxonomie unklar
Laubmoose – Musci,Bryum intermedium (Brid.) Bland. subsp.,DD,,,Taxonomie unklar
Laubmoose – Musci,Bryum intermedium (Brid.) Bland. subsp.,DD,,,Taxonomie unklar
Laubmoose – Musci,"microstegium (B., S. & G.) Podp. ",DD,,,Taxonomie unklar
Laubmoose – Musci,Bryum klinggraeffii Schimp.,LC,,,
Laubmoose – Musci,Bryum knowltonii Barnes,VU,D2,,"möglicherweise ausgestorben, letzter Fund 1921"
Laubmoose – Musci,Bryum mesodon Amann,DD,,,heutige Verbreitung nicht bekannt
Laubmoose – Musci,Bryum mildeanum Jur.,CR,A2b; B1ab(iv)+2ab(iv),,letzter Fund 1979
Laubmoose – Musci,"Bryum muehlenbeckii B., S. & G.  ",EN,B1ab(iv)+2ab(iv),,
Laubmoose – Musci,Bryum neodamense C. Müll.,CR,B2ab(iv),,
Laubmoose – Musci,Bryum neodamense C. Müll. subsp. neodamense DD,DD,,,
Laubmoose – Musci,Bryum neodamense C. Müll. subsp. ovatum (J.,DD,,,
Laubmoose – Musci,Bryum pallens Sw.,LC,,,
Laubmoose – Musci,Bryum pallescens Schwaegr.,LC,,,Unterarten möglicherweise gefährdet
Laubmoose – Musci,Bryum pallescens Schwaegr. subsp. pallescens  DD,DD,,,Taxonomie unklar
Laubmoose – Musci,Bryum pallescens Schwaegr. subsp.,DD,,,Taxonomie unklar
Laubmoose – Musci,"Bryum pseudotriquetrum (Hedw.) Gaertn., Meyer",NE,,,
Laubmoose – Musci,"Bryum pseudotriquetrum (Hedw.) Gaertn., Meyer",LC,,,
Laubmoose – Musci,& Scherb. subsp. bimum (Schreb.) Hartm.,LC,,,
Laubmoose – Musci,"Bryum pseudotriquetrum (Hedw.) Gaertn., Meyer",LC,,,
Laubmoose – Musci,Bryum radiculosum Brid.,VU,D2,,
Laubmoose – Musci,Bryum rubens Mitt.,LC,,,
Laubmoose – Musci,Bryum ruderale Crundw. & Nyh.,VU,D2,,"erst 1963 beschrieben,  frühere Verbreitung unbekannt"
Laubmoose – Musci,Bryum rutilans Brid.,VU,D2,,
Laubmoose – Musci,"Bryum sauteri B., S. & G.  ",VU,D2,,
Laubmoose – Musci,Bryum schleicheri DC.,LC,,,
Laubmoose – Musci,Bryum stirtonii Schimp.,VU,D2,,
Laubmoose – Musci,Bryum subapiculatum Hampe,NT,D2,,
Laubmoose – Musci,Bryum subelegans Kindb.,LC,,,
Laubmoose – Musci,Bryum torquescens De Not.,LC,,,
Laubmoose – Musci,Bryum turbinatum (Hedw.) Turn.,NE,,,
Laubmoose – Musci,Bryum uliginosum (Brid.) B. & S.,NE,,,
Laubmoose – Musci,Bryum uliginosum (Brid.) B. & S. subsp. uliginosum,RE,,,"letzter Fund 1918, Nachsuche erfol-glos"
Laubmoose – Musci,Bryum versicolor B. & S.,CR,"A2b;B2ab(ii,iv)",§CH,
Laubmoose – Musci,Bryum violaceum Crundw. & Nyh.,LC,,,
Laubmoose – Musci,Bryum weigelii Spreng.,LC,,,abhängig vom Moorschutz
Laubmoose – Musci,Buxbaumia aphylla Hedw.,EN,B1ab(iv)+2ab(iv),,"im Mittelland vermutlich ausgestorben, letzter Fund dort 1916"
Laubmoose – Musci,Buxbaumia viridis (Lam. & DC.) Moug. & Nestl.,NT,A2b,§REG,im Mittelland gefährdet
Laubmoose – Musci,Callicladium haldanianum (Grev.) Crum,VU,D2,,
Laubmoose – Musci,Calliergon cordifolium (Hedw.) Kindb.,VU,D2,,abhängig vom Moorschutz
Laubmoose – Musci,Calliergon giganteum (Schimp.) Kindb.,LC,,,abhängig vom Moorschutz
Laubmoose – Musci,Calliergon richardsonii (Mitt.) Kindb.,VU,D2,,abhängig vom Moorschutz
Laubmoose – Musci,Calliergon sarmentosum (Wahlenb.) Kindb.,LC,,,abhängig vom Moorschutz
Laubmoose – Musci,Calliergon stramineum (Brid.) Kindb.,LC,,,abhängig vom Moorschutz
Laubmoose – Musci,Calliergon trifarium (Web. & Mohr) Kindb.,NT,A2b,,abhängig vom Moorschutz
Laubmoose – Musci,Calliergonella cuspidata (Hedw.) Loeske,LC,,,
Laubmoose – Musci,Campylium calcareum Crundw. & Nyh.,LC,,,
Laubmoose – Musci,Campylium chrysophyllum (Brid.) J. Lange,LC,,,
Laubmoose – Musci,Campylium elodes (Lindb.) Kindb.,VU,D2,,abhängig vom Moorschutz
Laubmoose – Musci,Campylium halleri (Hedw.) Lindb.,LC,,,
Laubmoose – Musci,Campylium polygamum (Schimp.) J. Lange,EN,B1ab(iv)+2ab(iv),,abhängig vom Moorschutz
Laubmoose – Musci,Campylium stellatum (Hedw.) J. Lange & C. Jens.,NE,,,
Laubmoose – Musci,Campylium stellatum (Hedw.) J. Lange & C. Jens.,LC,,,
Laubmoose – Musci,Campylium stellatum (Hedw.) J. Lange & C. Jens.,LC,,,
Laubmoose – Musci,Campylopus atrovirens De Not.,NT,A2b,,
Laubmoose – Musci,Campylopus atrovirens De Not. subsp. adustus,DD,,,
Laubmoose – Musci,Campylopus atrovirens De Not. subsp. atrovirens,DD,,,
Laubmoose – Musci,"Campylopus brevipilus B., S. & G.  ",DD,,,Vorkommen in der Schweiz unsicher
Laubmoose – Musci,Campylopus flexuosus (Hedw.) Brid.,LC,,,
Laubmoose – Musci,"Campylopus fragilis (Brid.) B., S. & G.  ",LC,,,
Laubmoose – Musci,Campylopus introflexus (Hedw.) Brid.,LC,,,"Neophyt, in Ausbreitung begriffen"
Laubmoose – Musci,Campylopus oerstedianus (C. Müll.) Mitt.,VU,D2,,
Laubmoose – Musci,Campylopus pilifer Brid.,VU,D2,,
Laubmoose – Musci,Campylopus pyriformis (K. F. Schultz) Brid.,LC,,,
Laubmoose – Musci,Campylopus schwarzii Schimp.,LC,,,
Laubmoose – Musci,Campylopus subulatus Schimp.,EN,A2b; B1ab(iv)+2ab(iv),,
Laubmoose – Musci,Campylopus subulatus Schimp. subsp. schimperi,DD,,,
Laubmoose – Musci,Campylopus subulatus Schimp. subsp. subulatus,DD,,,Taxonomie unklar
Laubmoose – Musci,"Campylostelium saxicola (Web. & Mohr) B., S. &",EN,,,
Laubmoose – Musci,Catoscopium nigritum (Hedw.) Brid.,VU,A2b,,"abhängig vom Moorschutz, im Mittel-land stark gefährdet"
Laubmoose – Musci,Ceratodon heterophyllus Kindb.,DD,,,Vorkommen in der Schweiz unsicher
Laubmoose – Musci,Ceratodon purpureus (Hedw.) Brid.,NE,,,
Laubmoose – Musci,Ceratodon purpureus (Hedw.) Brid. subsp.,VU,,,
Laubmoose – Musci,Ceratodon purpureus (Hedw.) Brid. subsp.,LC,,,
Laubmoose – Musci,Cinclidium stygium Sw.,LC,,,abhängig vom Moorschutz
Laubmoose – Musci,Cinclidotus aquaticus (Hedw.) B. & S.,EN,A2b; B1ab(iv)+2ab(iv),,abhängig vom Gewässerschutz
Laubmoose – Musci,Cinclidotus danubicus Schiffn. & Baumg.,LC,,,abhängig vom Gewässerschutz
Laubmoose – Musci,Cinclidotus fontinaloides (Hedw.) P. Beauv.,LC,,,abhängig vom Gewässerschutz
Laubmoose – Musci,Cinclidotus mucronatus (Brid.) Mach.,CR,B2ab(iv),,abhängig vom Gewässerschutz
Laubmoose – Musci,Cinclidotus riparius (Brid.) Arnott,LC,,,abhängig vom Gewässerschutz
Laubmoose – Musci,Cirriphyllum cirrosum (Schwaegr.) Grout,LC,,,
Laubmoose – Musci,Cirriphyllum crassinervium (Tayl.) Loeske &,LC,,,
Laubmoose – Musci,Cirriphyllum germanicum (Grebe) Loeske &,VU,,,
Laubmoose – Musci,Cirriphyllum piliferum (Hedw.) Grout,LC,,,
Laubmoose – Musci,Cirriphyllum reichenbachianum (Hüb.) Wijk &,VU,,,
Laubmoose – Musci,Cirriphyllum tommasinii (Boul.) Grout,LC,,,
Laubmoose – Musci,Climacium dendroides (Hedw.) Web. & Mohr,LC,,,
Laubmoose – Musci,Cnestrum alpestre (Hüb.) Mog.,VU,D2,,"möglicherweise ausgestorben, letzter Fund 1906"
Laubmoose – Musci,Cnestrum schisti (Web. & Mohr) I. Hag.,VU,D2,,
Laubmoose – Musci,Conostomum tetragonum (Hedw.) Lindb.,NT,A2b,,
Laubmoose – Musci,Coscinodon cribrosus (Hedw.) Spruce,LC,,,
Laubmoose – Musci,Cratoneuron commutatum (Hedw.) G. Roth,LC,,,
Laubmoose – Musci,Cratoneuron decipiens (De Not.) Loeske,LC,,,
Laubmoose – Musci,Cratoneuron falcatum (Brid.) G. Roth,LC,,,
Laubmoose – Musci,Cratoneuron filicinum (Hedw.) Spruce,LC,,,
Laubmoose – Musci,Crossidium aberrans Holz. & Bartr.,VU,D2,,"nur aus dem Wallis bekannt, Erstfund 1990"
Laubmoose – Musci,Crossidium squamiferum (Viv.) Jur.,VU,A2b; D2,,
Laubmoose – Musci,Cryphaea heteromalla (Hedw.) Mohr,VU,D2,,
Laubmoose – Musci,Cryphaea lamyana (Mont.) C. Müll.,DD,,,Vorkommen in der Schweiz unsicher
Laubmoose – Musci,Ctenidium molluscum (Hedw.) Mitt.,LC,,,
Laubmoose – Musci,Ctenidium procerrimum (Mol.) Lindb.,EN,A2b,,
Laubmoose – Musci,"Cynodontium bruntonii (Sm.) B., S. & G.  ",NE,,,
Laubmoose – Musci,"Cynodontium bruntonii (Sm.) B., S. & G. subsp.",VU,,,
Laubmoose – Musci,Cynodontium fallax Limpr.,NT,D2,,
Laubmoose – Musci,Cynodontium gracilescens (Web. & Mohr),EN,,,
Laubmoose – Musci,Cynodontium polycarpon (Hedw.) Schimp.  NE,NE,,,
Laubmoose – Musci,Cynodontium polycarpon (Hedw.) Schimp. subsp.,LC,,,
Laubmoose – Musci,Cynodontium polycarpon (Hedw.) Schimp. subsp.,LC,,,
Laubmoose – Musci,"Cynodontium tenellum (B., S. & G.) Limpr.  ",VU,D2,,
Laubmoose – Musci,Cyrtomnium hymenophylloides (Hüb.) T. Kop.,EN,A2b; B1ab(iv)+2ab(iv),,
Laubmoose – Musci,Desmatodon cernuus (Hüb.) B. & S.,CR,B1ab(iv)+2ab(iv),,
Laubmoose – Musci,Desmatodon latifolius (Hedw.) Brid.,LC,,,
Laubmoose – Musci,Desmatodon laureri (Schultz) B. & S.,RE,,,"letzter Fund 1858, Nachsuche aller Populationen erfolglos"
Laubmoose – Musci,Desmatodon leucostomus (R. Br.) Berggr.,NT,D2,,
Laubmoose – Musci,Desmatodon systylius Schimp.,CR,A2b; B2ab(iv),,
Laubmoose – Musci,Desmatodon wilczekii Meyl.,DD,,,Taxonomie unklar
Laubmoose – Musci,Dichelyma falcatum (Hedw.) Myr.,VU,D2,,einziger Fund 1997
Laubmoose – Musci,Dichodontium pellucidum (Hedw.) Schimp.,LC,,,
Laubmoose – Musci,Dicranella cerviculata (Hedw.) Schimp.,EN,A2b; B1ab(iv)+2ab(iv),,
Laubmoose – Musci,Dicranella crispa (Hedw.) Schimp.,DD,,,Vorkommen in der Schweiz unsicher
Laubmoose – Musci,Dicranella grevilleana (Brid.) Schimp.,EN,A2b; B1ab(iv)+2ab(iv),,
Laubmoose – Musci,Dicranella heteromalla (Hedw.) Schimp.,LC,,,
Laubmoose – Musci,Dicranella howei Ren. & Card.,VU,D2,,Erstfund 1993
Laubmoose – Musci,Dicranella palustris (Dicks.) E. Warb.,LC,,,
Laubmoose – Musci,Dicranella rufescens (With.) Schimp.,VU,A2b,,
Laubmoose – Musci,Dicranella schreberiana (Hedw.) Crum & Anders.,LC,,,
Laubmoose – Musci,Dicranella staphylina Whitehouse,LC,,,
Laubmoose – Musci,Dicranella subulata (Hedw.) Schimp.,LC,,,
Laubmoose – Musci,Dicranella varia (Hedw.) Schimp.,LC,,,
Laubmoose – Musci,Dicranodontium asperulum (Mitt.) Broth.,CR,B2ab(iv),,
Laubmoose – Musci,Dicranodontium denudatum (Brid.) Britt.,LC,,,
Laubmoose – Musci,Dicranodontium uncinatum (Harv.) Jaeg.,CR,A2b; B2ab(iv),,
Laubmoose – Musci,Dicranoweisia cirrata (Hedw.) Milde,LC,,,
Laubmoose – Musci,Dicranoweisia crispula (Hedw.) Milde,LC,,,
Laubmoose – Musci,Dicranum acutifolium (Lindb. & Arnell) C. E. O. Jensen,DD,,,"wird erst seit kurzem unterschieden, bisher 2 Funde"
Laubmoose – Musci,Dicranum bergeri Hoppe,NT,,,abhängig vom Moorschutz
Laubmoose – Musci,Dicranum bonjeanii De Not.,LC,,,
Laubmoose – Musci,Dicranum brevifolium (Lindb.) Lindb.,DD,,,erst seit kurzem unterschiedene Art
Laubmoose – Musci,Dicranum dispersum Engelmark,DD,,,"wurde erst 1999 beschrieben,  bisher ein Fund"
Laubmoose – Musci,Dicranum elongatum Schwaegr.,LC,,,Unterarten möglicherweise stärker gefährdet
Laubmoose – Musci,Dicranum flagellare Hedw.,EN,B1ab(iv)+2ab(iv),,
Laubmoose – Musci,Dicranum fulvum Hook.,LC,,,
Laubmoose – Musci,Dicranum fuscescens Sm.,LC,,,Unterarten möglicherweise stärker gefährdet
Laubmoose – Musci,Dicranum fuscescens Sm. subsp. congestum,DD,,,
Laubmoose – Musci,Dicranum fuscescens Sm. subsp. fuscescens,DD,,,
Laubmoose – Musci,Dicranum groenlandicum Brid.,DD,,,Vorkommen in der Schweiz unsicher
Laubmoose – Musci,Dicranum majus Sm.,LC,,,
Laubmoose – Musci,Dicranum montanum Hedw.,LC,,,
Laubmoose – Musci,"Dicranum muehlenbeckii B., S. & G.  ",DD,,,wurde kürzlich in mehrere Arten aufgeteilt
Laubmoose – Musci,Dicranum polysetum Sw.,LC,,,
Laubmoose – Musci,Dicranum scoparium Hedw.,LC,,,
Laubmoose – Musci,Dicranum spadiceum J. E. Zetterst.,DD,,,"wird erst seit kurzem unterschieden, scheint jedoch nicht selten"
Laubmoose – Musci,Dicranum spurium Hedw.,VU,D2,,
Laubmoose – Musci,Dicranum tauricum Sap.,LC,,,
Laubmoose – Musci,Dicranum viride (Sull. & Lesq.) Lindb.,LC,,§REG,
Laubmoose – Musci,Diphyscium foliosum (Hedw.) Mohr,LC,,,
Laubmoose – Musci,"Distichium capillaceum (Hedw.) B., S. & G.  ",LC,,,
Laubmoose – Musci,"Distichium inclinatum (Hedw.) B., S. & G.  ",LC,,,
Laubmoose – Musci,Distichophyllum carinatum Dix. & Nich.,RE,§REG,,
Laubmoose – Musci,Ditrichum flexicaule (Schwaegr.) Hampe,LC,,,
Laubmoose – Musci,Ditrichum heteromallum (Hedw.) Britt.,LC,,,
Laubmoose – Musci,Ditrichum lineare (Sw.) Lindb.,VU,D2,,
Laubmoose – Musci,Ditrichum pallidum (Hedw.) Hampe,EN,A2b ; B1ab(iv)+2ab(iv),,
Laubmoose – Musci,Ditrichum pusillum (Hedw.) Hampe,EN,A2b; B1ab(iv)+2ab(iv),,
Laubmoose – Musci,Ditrichum zonatum (Brid.) Braithw.,NT,D2,,
Laubmoose – Musci,Drepanocladus aduncus (Hedw.) Warnst.,LC,,,
Laubmoose – Musci,Drepanocladus cossonii (Schimp.) Loeske,LC,,,
Laubmoose – Musci,Drepanocladus exannulatus (Schimp.) Warnst.,LC,,,
Laubmoose – Musci,Drepanocladus fluitans (Hedw.) Warnst.,NT,,,
Laubmoose – Musci,Drepanocladus lycopodioides (Brid.) Warnst.,VU,A2b,,
Laubmoose – Musci,Drepanocladus pseudostramineus (C. Müll.) G.,VU,,,
Laubmoose – Musci,Drepanocladus revolvens (Sm.) Warnst.,LC,,,
Laubmoose – Musci,Drepanocladus sendtneri (H. Müll.) Warnst.,CR,A2b; B1ab(iv)+2ab(iv),,
Laubmoose – Musci,Drepanocladus sordidus (C. Müller) Hedenäs,DD,,,
Laubmoose – Musci,Drepanocladus uncinatus (Hedw.) Warnst.,LC,,,
Laubmoose – Musci,Drepanocladus vernicosus (Mitt.) Warnst.,NT,§CH,,
Laubmoose – Musci,Dryptodon patens (Hedw.) Brid.,LC,,,
Laubmoose – Musci,Encalypta affinis Hedw. f.,NE,,,
Laubmoose – Musci,Encalypta affinis Hedw. f. subsp. affinis,CR,A2b; B1ab(iv)+2ab(iv),,
Laubmoose – Musci,Encalypta affinis Hedw. f. subsp. macounii (Aust.),DD,,,
Laubmoose – Musci,Encalypta alpina Sm.,LC,,,
Laubmoose – Musci,Encalypta ciliata Hedw.,LC,,,
Laubmoose – Musci,Encalypta longicolla Bruch,CR,A2b; B1ab(iv)+2ab(iv),,
Laubmoose – Musci,Encalypta microstoma Bals. & De Not.,LC,,,
Laubmoose – Musci,Encalypta rhaptocarpa Schwaegr.,NE,,,
Laubmoose – Musci,Encalypta rhaptocarpa Schwaegr. subsp.,LC,,,
Laubmoose – Musci,Encalypta rhaptocarpa Schwaegr. subsp.,DD,,,
Laubmoose – Musci,Encalypta streptocarpa Hedw.,LC,,,
Laubmoose – Musci,Encalypta vulgaris Hedw.,LC,,,
Laubmoose – Musci,Entodon cladorrhizans (Hedw.) C. Müll.,NE,,,
Laubmoose – Musci,Entodon cladorrhizans (Hedw.) C. Müll. subsp.,RE,,,
Laubmoose – Musci,Entodon cladorrhizans (Hedw.) C. Müll. subsp.,VU,,,
Laubmoose – Musci,Entodon concinnus (De Not.) Par.,LC,,,
Laubmoose – Musci,Ephemerum cohaerens (Hedw.) Hampe,CR,B1ab(iv)+2ab(iv),,
Laubmoose – Musci,Ephemerum minutissimum Lindb.,LC,,,
Laubmoose – Musci,Ephemerum recurvifolium (Dicks.) Boul.,CR,B2ab(iv),,
Laubmoose – Musci,Ephemerum serratum (Hedw.) Hampe,VU,D2,,
Laubmoose – Musci,Epipterygium tozeri (Grev.) Lindb.,VU,D2,,
Laubmoose – Musci,"Eucladium verticillatum (Brid.) B., S. & G.  ",NE,,,
Laubmoose – Musci,"Eucladium verticillatum (Brid.) B., S. & G. subsp.",DD,,,
Laubmoose – Musci,"Eucladium verticillatum (Brid.) B., S. & G. subsp.",LC,,,
Laubmoose – Musci,Eurhynchium hians (Hedw.) Sande Lac.,LC,,,
Laubmoose – Musci,Eurhynchium praelongum (Hedw.) Schimp.,LC,,,
Laubmoose – Musci,Eurhynchium pulchellum (Hedw.) Jenn.,LC,,,
Laubmoose – Musci,Eurhynchium pumilum (Wils.) Schimp.,VU,D2,,
Laubmoose – Musci,Eurhynchium schleicheri (Hedw. f.) Jur.,LC,,,
Laubmoose – Musci,Eurhynchium speciosum (Brid.) Jur.,LC,,,abhängig vom Moorschutz
Laubmoose – Musci,Eurhynchium striatulum (Spruce) Schimp.,LC,,,
Laubmoose – Musci,Eurhynchium striatum (Hedw.) Schimp.,NE,,,
Laubmoose – Musci,Eurhynchium striatum (Hedw.) Schimp. subsp.,LC,,,
Laubmoose – Musci,Eurhynchium striatum (Hedw.) Schimp. subsp.,LC,,,
Laubmoose – Musci,zetterstedtii (Størm.) Podp.,,,,
Laubmoose – Musci,Fabronia ciliaris (Brid.) Brid.,VU,D2,,kommt nur in der Südschweiz vor
Laubmoose – Musci,Fabronia pusilla Raddi,VU,D2,,kommt nur in der Südschweiz vor
Laubmoose – Musci,Fissidens adianthoides Hedw.,LC,,,
Laubmoose – Musci,Fissidens bryoides Hedw.,NE,,,
Laubmoose – Musci,Fissidens bryoides Hedw. subsp. bryoides,LC,,,
Laubmoose – Musci,Fissidens bryoides Hedw. subsp. curnovii (Mitt.),EN,,,"möglicherweise ausgestorben,"
Laubmoose – Musci,Fissidens celticus J.A. Paton,VU,D2,,
Laubmoose – Musci,"Fissidens crassipes B., S. & G.  ",LC,,,abhängig vom Gewässerschutz
Laubmoose – Musci,Fissidens dubius P. Beauv.,LC,,,
Laubmoose – Musci,Fissidens exilis Hedw.,NT,D2,,
Laubmoose – Musci,Fissidens grandifrons Brid.,EN,A2b,,
Laubmoose – Musci,Fissidens osmundoides Hedw.,LC,,,
Laubmoose – Musci,"Fissidens rivularis (Spruce) B., S. & G.  ",VU,D2,,
Laubmoose – Musci,"Fissidens rufulus B., S. & G.  ",EN,A2b; B1ab(iv)+2ab(iv),,
Laubmoose – Musci,Fissidens taxifolius Hedw.,NE,,,
Laubmoose – Musci,Fissidens taxifolius Hedw. subsp. taxifolius,LC,,,
Laubmoose – Musci,Fissidens viridulus (Sw.) Wahlenb.,DD,,,Taxonomie unklar
Laubmoose – Musci,Fissidens viridulus (Sw.) Wahlenb. subsp.,DD,,,
Laubmoose – Musci,Fissidens viridulus (Sw.) Wahlenb. subsp.,DD,,,
Laubmoose – Musci,Fissidens viridulus (Sw.) Wahlenb. subsp. pusillus,DD,,,
Laubmoose – Musci,Fissidens viridulus (Sw.) Wahlenb. subsp.,DD,,,
Laubmoose – Musci,Fontinalis antipyretica Hedw.,LC,,,Unterarten möglicherweise stärker gefährdet
Laubmoose – Musci,Fontinalis antipyretica Hedw. subsp. antipyretica,DD,,,Taxonomie unklar
Laubmoose – Musci,Fontinalis antipyretica Hedw. subsp. gigantea,DD,,,
Laubmoose – Musci,Fontinalis antipyretica Hedw. subsp. gracilis,DD,,,
Laubmoose – Musci,Fontinalis hypnoides Hartm.,VU,D2,,
Laubmoose – Musci,Fontinalis squamosa Hedw.,VU,D2,,"möglicherweise ausgestorben, letzter Fund um 1900"
Laubmoose – Musci,Funaria attenuata (Dicks.) Lindb.,EN,D2,,"letzter Fund 1911,  Upgrading vorgenommen"
Laubmoose – Musci,Funaria fascicularis (Hedw.) Lindb.,EN,B1ab(iv)+2ab(iv),,abhängig vom Schutz der Trocken-standorte
Laubmoose – Musci,Funaria hygrometrica Hedw.,LC,,,
Laubmoose – Musci,Funaria microstoma Schimp.,CR,B1ab(iv)+2ab(iv),,"möglicherweise ausgestorben, letzter Fund erste Hälfte des 20 Jh."
Laubmoose – Musci,Funaria muhlenbergii Turn.,CR,B2ab(iv),,"Wallis, abhängig vom Schutz der"
Laubmoose – Musci,Funaria obtusa (Hedw.) Lindb.,CR,B1ab(iv)+2ab(iv),,"möglicherweise ausgestorben, letzter Fund 1934"
Laubmoose – Musci,Funaria pulchella Philib.,CR,"B2ab(i,iv)",,abhängig vom Schutz der Trocken-standorte
Laubmoose – Musci,Grimmia affinis Hornsch.,LC,,,
Laubmoose – Musci,"Grimmia anodon B., S. & G.",LC,,,
Laubmoose – Musci,Grimmia anomala Schimp.,NT,D2,,
Laubmoose – Musci,Grimmia apiculata Hornsch.,VU,D2,,
Laubmoose – Musci,Grimmia atrata Hoppe & Hornsch.,VU,D2,,letzter Fund 1970
Laubmoose – Musci,Grimmia caespiticia (Brid.) Jur.,LC,,,
Laubmoose – Musci,Grimmia crinita Brid.,EN,A2b,,
Laubmoose – Musci,Grimmia decipiens (K. F. Schultz) Lindb.,VU,D2,,
Laubmoose – Musci,Grimmia dissimulata E. Maier,DD,,,erst 2002 beschrieben
Laubmoose – Musci,Grimmia donniana Sm.,LC,,,
Laubmoose – Musci,Grimmia elatior Bals. & De Not.,LC,,,
Laubmoose – Musci,Grimmia elongata Kaulf.,VU,D2,,
Laubmoose – Musci,"Grimmia funalis (Schwaegr.) B., S. & G.",LC,,,
Laubmoose – Musci,Grimmia hartmanii Schimp.,LC,,,
Laubmoose – Musci,Grimmia incurva Schwaegr.,LC,,,
Laubmoose – Musci,Grimmia laevigata (Brid.) Brid.,LC,,,
Laubmoose – Musci,Grimmia lisae De Not.,DD,,,"erst seit kurzem als Art akzeptiert, einziger Fund 1998"
Laubmoose – Musci,"Grimmia montana B., S. & G.",LC,,,
Laubmoose – Musci,Grimmia muehlenbeckii Schimp.,LC,,,
Laubmoose – Musci,Grimmia orbicularis Wils.,LC,,,
Laubmoose – Musci,Grimmia ovalis (Hedw.) Lindb.,NE,,,
Laubmoose – Musci,Grimmia ovalis (Hedw.) Lindb. subsp. ovalis,LC,,,
Laubmoose – Musci,Grimmia pulvinata (Hedw.) Sm.,LC,,,
Laubmoose – Musci,Grimmia sessitana De Not.,LC,,,
Laubmoose – Musci,Grimmia sudetica Schwaegr.,LC,,,
Laubmoose – Musci,Grimmia teretinervis Limpr.,VU,D2,,
Laubmoose – Musci,"Grimmia tergestina B., S. & G.",LC,,,
Laubmoose – Musci,Grimmia torquata Grev.,NT,D2,,
Laubmoose – Musci,Grimmia trichophylla Grev.,NT,D2,,
Laubmoose – Musci,Grimmia unicolor Hook.,NT,D2,,
Laubmoose – Musci,Gymnostomum aeruginosum Sm.,LC,,,
Laubmoose – Musci,"Gymnostomum calcareum Nees, Hornsch. &",LC,,,
Laubmoose – Musci,Gymnostomum viridulum Brid.,VU,D2,,
Laubmoose – Musci,Gyroweisia tenuis (Hedw.) Schimp.,LC,,,
Laubmoose – Musci,Habrodon perpusillus (De Not.) Lindb.,VU,D2,,nur aus dem Tessin bekannt
Laubmoose – Musci,Haplohymenium triste (Ces.) Kindb.,VU,D2,,nur aus dem Tessin bekannt
Laubmoose – Musci,Hedwigia ciliata (Hedw.) P. Beauv.,LC,,,
Laubmoose – Musci,Hedwigia stellata Hedenäs,VU,D2,,"erst 1994 beschrieben, ältere Belege von H. ciliata z. T. überprüft"
Laubmoose – Musci,Herzogiella seligeri (Brid.) Iwats.,LC,,,
Laubmoose – Musci,Herzogiella striatella (Brid.) Iwats.,EN,B1ab(iv)+2ab(iv),,
Laubmoose – Musci,Heterocladium dimorphum (Brid.) Schimp.,LC,,,
Laubmoose – Musci,Heterocladium heteropterum Schimp.,NE,,,
Laubmoose – Musci,Heterocladium heteropterum Schimp. subsp.,LC,,,nur in der Südschweiz
Laubmoose – Musci,Homalia besseri Lobar.,EN,B1ab(iv)+2ab(iv),,
Laubmoose – Musci,Homalia trichomanoides (Hedw.) Schimp.,LC,,,
Laubmoose – Musci,Homalothecium lutescens (Hedw.) Robins.,LC,,,
Laubmoose – Musci,Homalothecium philippeanum (Spruce) Schimp.,LC,,,
Laubmoose – Musci,Homalothecium sericeum (Hedw.) Schimp.,LC,,,
Laubmoose – Musci,Homomallium incurvatum (Brid.) Loeske,LC,,,
Laubmoose – Musci,Hookeria lucens (Hedw.) J.E. Sm.,LC,,,
Laubmoose – Musci,"Hydrogrimmia mollis (B., S. & G.) Loeske",LC,,,
Laubmoose – Musci,Hygrohypnum alpestre (Hedw.) Loeske,VU,D2,,"möglicherweise ausgestorben, einziger Fund 1928"
Laubmoose – Musci,Hygrohypnum alpinum (Lindb.) Loeske,EN,A2b,,
Laubmoose – Musci,Hygrohypnum cochlearifolium (Vent.) Broth.,CR,B2ab(iv),,"Fund 1932, Nachsuche einzelner"
Laubmoose – Musci,Hygrohypnum duriusculum (De Not.) Jamieson,NT,D2,,
Laubmoose – Musci,Hygrohypnum eugyrium (Schimp.) Broth.,VU,D2,,
Laubmoose – Musci,Hygrohypnum luridum (Hedw.) Jenn.,LC,,,
Laubmoose – Musci,Hygrohypnum molle (Hedw.) Loeske,VU,D2,,
Laubmoose – Musci,Hygrohypnum norvegicum (Schimp.) Amann &,VU,,,"möglicherweise ausgestorben,"
Laubmoose – Musci,Hygrohypnum ochraceum (Wils.) Loeske,VU,D2,,
Laubmoose – Musci,Hygrohypnum polare (Lindb.) Loeske,VU,D2,,einziger Fund 1995
Laubmoose – Musci,Hygrohypnum smithii (Sw.) Broth.,EN,B1ab(iv)+2ab(iv),,
Laubmoose – Musci,Hygrohypnum styriacum (Limpr.) Broth.,VU,D2,,"möglicherweise ausgestorben, einziger Fund 1880"
Laubmoose – Musci,Hylocomium brevirostre (Brid.) Schimp.,LC,,,
Laubmoose – Musci,Hylocomium pyrenaicum (Spruce) Lindb.,LC,,,
Laubmoose – Musci,Hylocomium splendens (Hedw.) Schimp.,LC,,,
Laubmoose – Musci,Hylocomium umbratum (Hedw.) Schimp.,LC,,,
Laubmoose – Musci,Hymenostylium recurvirostre (Hedw.) Dix.,LC,,,
Laubmoose – Musci,Hyophila involuta (Hook.) Jaeg.,VU,A2b; D2,,
Laubmoose – Musci,Hypnum bambergeri Schimp.,EN,B1ab(iv)+2ab(iv),,
Laubmoose – Musci,Hypnum callichroum Brid.,LC,,,
Laubmoose – Musci,Hypnum cupressiforme Hedw.,NE,,,
Laubmoose – Musci,Hypnum cupressiforme Hedw. subsp.,LC,,,
Laubmoose – Musci,Hypnum cupressiforme Hedw. subsp. imponens,VU,,,
Laubmoose – Musci,Hypnum cupressiforme Hedw. subsp. lacunosum,LC,,,
Laubmoose – Musci,Hypnum cupressiforme Hedw. subsp. mamillatum,LC,,,
Laubmoose – Musci,Hypnum cupressiforme Hedw. subsp.,LC,,,
Laubmoose – Musci,Hypnum cupressiforme Hedw. subsp. ericetorum,VU,,,
Laubmoose – Musci,Hypnum fertile Sendtn.,VU,D2,,
Laubmoose – Musci,Hypnum hamulosum Schimp.,EN,A2b; B1ab(iv)+2ab(iv),,
Laubmoose – Musci,Hypnum lindbergii Mitt.,LC,,,abhängig vom Moorschutz
Laubmoose – Musci,Hypnum pallescens (Hedw.) P. Beauv.,LC,,,
Laubmoose – Musci,Hypnum pratense (Rabenh.) Hartm.,LC,,,abhängig vom Moorschutz
Laubmoose – Musci,Hypnum recurvatum (Lindb. & H. Arnell) Kindb.,LC,,,
Laubmoose – Musci,Hypnum revolutum (Mitt.) Lindb.,LC,,,
Laubmoose – Musci,Hypnum sauteri Schimp.,EN,A2b; B1ab(iv)+2ab(iv),§REG,
Laubmoose – Musci,Hypnum vaucheri Lesq.,LC,,,
Laubmoose – Musci,Isopterygium elegans (Brid.). Lindb.,LC,,,
Laubmoose – Musci,Isopterygium muellerianum (Schimp.) Jaeg.,LC,,,
Laubmoose – Musci,Isopterygium pulchellum (Hedw.) Jaeg.,LC,,,
Laubmoose – Musci,Isothecium alopecuroides (Dubois) Isov.,LC,,,
Laubmoose – Musci,Isothecium myosuroides Brid.,NT,D2,,
Laubmoose – Musci,"Kiaeria blyttii (B., S. & G.) Broth.  ",LC,,,
Laubmoose – Musci,Kiaeria falcata (Hedw.) I. Hag.,LC,,,
Laubmoose – Musci,Kiaeria starkei (Web. & Mohr) I. Hag.,LC,,,
Laubmoose – Musci,Leptobryum pyriforme (Hedw.) Wils.,LC,,,
Laubmoose – Musci,Leptodon smithii (Hedw.) Web. & Mohr,VU,D2,,
Laubmoose – Musci,Leptodontium flexifolium (Dicks.) Hampe,VU,D2,,letzter Fund 1979
Laubmoose – Musci,Leptodontium styriacum (Jur.) Limpr.,VU,D2,,
Laubmoose – Musci,Lescuraea mutabilis (Brid.) I. Hag.,LC,,,
Laubmoose – Musci,Lescuraea saxicola (Schimp.) Milde,LC,,,
Laubmoose – Musci,Leskea polycarpa Hedw.,LC,,,
Laubmoose – Musci,Leucobryum glaucum (Hedw.) Ångstr.,LC,,§CH,
Laubmoose – Musci,Leucobryum juniperoideum (Brid.) C. Müll.,LC,,§CH,
Laubmoose – Musci,Leucodon sciuroides (Hedw.) Schwaegr.,LC,,,
Laubmoose – Musci,Meesia longiseta Hedw.,RE,,§REG,"letzter Fund 1928, Nachsuche fast aller Populationen erfolglos"
Laubmoose – Musci,Meesia triquetra (Richt.) Ångstr.,NT,A2b,,"abhängig vom Moorschutz,  im Mittelland gefährdet"
Laubmoose – Musci,Meesia uliginosa Hedw.,LC,,,im Mittelland gefährdet
Laubmoose – Musci,Metzleria alpina Milde,RE,,§REG,"letzter Fund 1868, Nachsuche aller Populationen erfolglos"
Laubmoose – Musci,Mielichhoferia elongata (Hook.) Hornsch.,VU,D2,,
Laubmoose – Musci,Mielichhoferia mielichhoferiana (Funck) Loeske,VU,D2,,
Laubmoose – Musci,Mnium ambiguum H. Müll.,NT,D2,,
Laubmoose – Musci,Mnium hornum Hedw.,LC,,,
Laubmoose – Musci,Mnium marginatum (Dicks.) P. Beauv.,LC,,,
Laubmoose – Musci,Mnium spinosum (Voit) Schwaegr.,LC,,,
Laubmoose – Musci,"Mnium spinulosum B., S. & G.  ",LC,,,
Laubmoose – Musci,Mnium stellare Hedw.,LC,,,
Laubmoose – Musci,Mnium thomsonii Schimp.,LC,,,
Laubmoose – Musci,Myurella julacea (Schwaegr.) Schimp.,LC,,,
Laubmoose – Musci,Myurella tenerrima (Brid.) Lindb.,NT,D2,,
Laubmoose – Musci,Neckera complanata (Hedw.) Hüb.,LC,,,
Laubmoose – Musci,Neckera crispa Hedw.,LC,,,
Laubmoose – Musci,Neckera menziesii Hook.,CR,"B2ab(i,ii,iv)",,
Laubmoose – Musci,Neckera pennata Hedw.,NE,,,
Laubmoose – Musci,Neckera pennata Hedw. subsp. pennata,CR,B2ab(iv),,
Laubmoose – Musci,Neckera pumila Hedw.,VU,D2,,
Laubmoose – Musci,Octodiceras fontanum (B. Pyl.) Lindb.,VU,D2,,
Laubmoose – Musci,Oligotrichum hercynicum (Hedw.) Lam. & DC.,LC,,,
Laubmoose – Musci,Oncophorus virens (Hedw.) Brid.,LC,,,
Laubmoose – Musci,Oncophorus wahlenbergii Brid.,VU,D2,,
Laubmoose – Musci,Oreas martiana (Hoppe & Hornsch.) Brid.,VU,D2,,
Laubmoose – Musci,Oreoweisia torquescens (Brid.) Wijk & Marg.,VU,D2,,
Laubmoose – Musci,Orthothecium chryseon (Schwaegr.) Schimp.,CR,"A2b; B2ab(i,ii,iv)",,
Laubmoose – Musci,Orthothecium intricatum (Hartm.) Schimp.,LC,,,
Laubmoose – Musci,Orthothecium rufescens (Sm.) Schimp.,LC,,,
Laubmoose – Musci,Orthothecium strictum Lor.,EN,A2b; B1ab(iv)+2ab(iv),,
Laubmoose – Musci,Orthotrichum affine Brid.,LC,,,
Laubmoose – Musci,"Orthotrichum alpestre B., S. & G.",EN,B1ab(iv)+2ab(iv),,
Laubmoose – Musci,Orthotrichum anomalum Hedw.,LC,,,
Laubmoose – Musci,"Orthotrichum callistomum B., S. & G.",RE,,,
Laubmoose – Musci,Orthotrichum cupulatum Brid.,LC,,,
Laubmoose – Musci,Orthotrichum diaphanum Brid.,LC,,,
Laubmoose – Musci,Orthotrichum laevigatum Zett.,VU,D2,,
Laubmoose – Musci,Orthotrichum limprichtii I. Hag.,DD,,,
Laubmoose – Musci,Orthotrichum lyellii Hook. & Tayl.,LC,,,
Laubmoose – Musci,Orthotrichum microcarpum De Not.,CR,B2ab(iv),,
Laubmoose – Musci,Orthotrichum obtusifolium Brid.,LC,,,
Laubmoose – Musci,Orthotrichum pallens Brid.,LC,,,
Laubmoose – Musci,Orthotrichum patens Brid.,NT,A2b,,
Laubmoose – Musci,Orthotrichum pulchellum Brunt.,VU,D2,,
Laubmoose – Musci,Orthotrichum pumilum Sw.,LC,,,
Laubmoose – Musci,Orthotrichum rivulare Turn.,DD,,,
Laubmoose – Musci,Orthotrichum rogeri Brid.,VU,D2,§REG,
Laubmoose – Musci,Orthotrichum rupestre Schwaegr.,LC,,,
Laubmoose – Musci,Orthotrichum scanicum Grönv.,CR,"A2b; B2ab(ii,iv)",§REG,
Laubmoose – Musci,Orthotrichum speciosum Nees,LC,,,
Laubmoose – Musci,Orthotrichum stellatum Brid.,CR,B2ab(iv),,
Laubmoose – Musci,Orthotrichum stramineum Brid.,LC,,,
Laubmoose – Musci,Orthotrichum striatum Hedw.,LC,,,
Laubmoose – Musci,Orthotrichum tenellum Brid.,VU,D2,,
Laubmoose – Musci,Orthotrichum urnigerum Myr.,CR,B2ab(iv),,
Laubmoose – Musci,Oxystegus tenuirostris (Hook. & Tayl.) A. J. E.,LC,,,
Laubmoose – Musci,Paludella squarrosa (Hedw.) Brid.,VU,A2b; D2,,
Laubmoose – Musci,Palustriella pluristratosa Stech & J.-P. Frahm,DD,,,Taxonomie unklar
Laubmoose – Musci,Paraleucobryum albicans (Schwaegr.) Loeske,LC,,,
Laubmoose – Musci,Paraleucobryum longifolium (Hedw.) Loeske,NE,,,
Laubmoose – Musci,Paraleucobryum longifolium (Hedw.) Loeske,LC,,,
Laubmoose – Musci,Paraleucobryum longifolium (Hedw.) Loeske,DD,,,
Laubmoose – Musci,Phascum curvicolle Hedw.,EN,B1ab(iv)+2ab(iv),,abhängig vom Schutz der Trocken-standorte
Laubmoose – Musci,Phascum cuspidatum Hedw.,LC,,,
Laubmoose – Musci,Phascum floerkeanum Web. & Mohr,CR,B2ab(iv),,"möglicherweise ausgestorben, letzter Fund 1909"
Laubmoose – Musci,Philonotis arnellii Husn.,VU,D2,,
Laubmoose – Musci,Philonotis caespitosa Jur.,VU,D2,,
Laubmoose – Musci,Philonotis calcarea (B. & S.) Schimp.,LC,,,
Laubmoose – Musci,Philonotis fontana (Hedw.) Brid.,LC,,,
Laubmoose – Musci,Philonotis marchica (Hedw.) Brid.,CR,B2ab(iv),,
Laubmoose – Musci,Philonotis rigida Brid.,VU,A2b; D2,,nur aus dem Tessin bekannt
Laubmoose – Musci,Philonotis seriata Mitt.,LC,,,
Laubmoose – Musci,Philonotis tomentella Mol.,LC,,,
Laubmoose – Musci,Physcomitrium eurystomum Sendtn.,VU,D2,,
Laubmoose – Musci,Physcomitrium patens (Hedw.) Mitt.,VU,D2,,
Laubmoose – Musci,Physcomitrium pyriforme (Hedw.) Brid.,LC,,,
Laubmoose – Musci,Physcomitrium sphaericum (Ludw.) Brid.,RE,,,letzter Fund 1866
Laubmoose – Musci,Plagiobryum demissum (Hook.) Lindb.,CR,B2ab(iv),,
Laubmoose – Musci,Plagiobryum zierii (Hedw.) Lindb.,NT,D2,,
Laubmoose – Musci,Plagiomnium affine (Bland.) T. Kop.,LC,,,
Laubmoose – Musci,Plagiomnium cuspidatum (Hedw.) T. Kop.,LC,,,
Laubmoose – Musci,Plagiomnium elatum (B. & S.) T. Kop.,LC,,,
Laubmoose – Musci,Plagiomnium ellipticum (Brid.) T. Kop.,LC,,,
Laubmoose – Musci,Plagiomnium medium (B. & S.) T. Kop.,NE,,,
Laubmoose – Musci,Plagiomnium medium (B. & S.) T. Kop. subsp.,LC,,,
Laubmoose – Musci,Plagiomnium rostratum (Schrad.) T. Kop.,LC,,,
Laubmoose – Musci,Plagiomnium undulatum (Hedw.) T. Kop.,LC,,,
Laubmoose – Musci,Plagiopus oederianus (Sw.) Crum & Anders.,LC,,,
Laubmoose – Musci,Plagiothecium curvifolium Limpr.,LC,,,
Laubmoose – Musci,Plagiothecium denticulatum (Hedw.) Schimp.,LC,,,
Laubmoose – Musci,Plagiothecium laetum Schimp.,LC,,,
Laubmoose – Musci,Plagiothecium neckeroideum Schimp.,VU,D2,,
Laubmoose – Musci,Plagiothecium nemorale (Mitt.) Jaeg.,LC,,,
Laubmoose – Musci,Plagiothecium piliferum (Hartm.) Bruch,VU,D2,,"möglicherweise ausgestorben, letzter Fund 1911"
Laubmoose – Musci,Plagiothecium platyphyllum Mönk.,LC,,,
Laubmoose – Musci,Plagiothecium roeseanum Schimp.,LC,,,
Laubmoose – Musci,Plagiothecium ruthei Limpr.,VU,D2,,
Laubmoose – Musci,Plagiothecium succulentum (Wils.) Lindb.,LC,,,
Laubmoose – Musci,Plagiothecium undulatum (Hedw.) Schimp.,LC,,,
Laubmoose – Musci,Platygyrium repens (Brid.) Schimp.,LC,,,
Laubmoose – Musci,Pleuridium acuminatum Lindb.,LC,,,
Laubmoose – Musci,"Pleuridium palustre (B., S. & G.) B., S. & G.",VU,D2,,"möglicherweise ausgestorben, letzter Fund 1890"
Laubmoose – Musci,Pleuridium subulatum (Hedw.) Rabenh.,LC,,,
Laubmoose – Musci,Pleurochaete squarrosa (Brid.) Lindb.,VU,D2,,abhängig vom Schutz der Trocken-standorte
Laubmoose – Musci,Pleurozium schreberi (Hedw.) Mitt.,LC,,,
Laubmoose – Musci,Pogonatum aloides (Hedw.) P. Beauv.,LC,,,
Laubmoose – Musci,Pogonatum nanum (Hedw.) P. Beauv.,CR,A2b; B2ab(iv),,
Laubmoose – Musci,Pogonatum urnigerum (Hedw.) P. Beauv.,LC,,,
Laubmoose – Musci,Pohlia andalusica (Höhn.) Broth.,LC,,,
Laubmoose – Musci,Pohlia andrewsii Shaw,NT,D2,,"erst 1981 beschrieben,  kein Vergleich mit früher möglich"
Laubmoose – Musci,Pohlia annotina (Hedw.) Lindb.,LC,,,
Laubmoose – Musci,Pohlia bulbifera (Warnst.) Warnst.,VU,D2,,
Laubmoose – Musci,Pohlia camptotrachela (Ren. & Card.) Broth.,VU,D2,,
Laubmoose – Musci,Pohlia cruda (Hedw.) Lindb.,LC,,,
Laubmoose – Musci,Pohlia drummondii (C. Müll.) Andr.,LC,,,
Laubmoose – Musci,Pohlia elongata Hedw.,LC,,,Unterarten möglicherweise stärker gefährdet
Laubmoose – Musci,Pohlia elongata Hedw. subsp. elongata,DD,,,
Laubmoose – Musci,Pohlia elongata Hedw. subsp. polymorpha,DD,,,
Laubmoose – Musci,Pohlia filum (Schimp.) Mart.,LC,,,
Laubmoose – Musci,Pohlia lescuriana (Sull.) Grout,VU,D2,,
Laubmoose – Musci,Pohlia longicolla (Hedw.) Lindb.,LC,,,
Laubmoose – Musci,Pohlia ludwigii (Schwaegr.) Broth.,LC,,,
Laubmoose – Musci,Pohlia lutescens (Limpr.) Lindb. f.,NT,D2,,
Laubmoose – Musci,Pohlia melanodon (Brid.) A.J. Shaw,NT,D2,,wahrscheinlich häufiger als Funde vermuten lassen
Laubmoose – Musci,Pohlia muyldermansii Wilcz. & Demar.,VU,D2,,einziger Fund 1984
Laubmoose – Musci,Pohlia nutans (Hedw.) Lindb.,NE,,,
Laubmoose – Musci,Pohlia nutans (Hedw.) Lindb. subsp. nutans,LC,,,
Laubmoose – Musci,Pohlia obtusifolia (Brid.) L. Koch,LC,,,
Laubmoose – Musci,Pohlia proligera (Breidl.) H. Arnell,NT,D2,,
Laubmoose – Musci,"Pohlia sphagnicola (B., S. & G.) Broth.",VU,D2,,
Laubmoose – Musci,Pohlia vexans (Limpr.) Lindb. f.,VU,D2,,
Laubmoose – Musci,Pohlia wahlenbergii (Web. & Mohr) Andr.,LC,,,
Laubmoose – Musci,Polytrichum alpinum Hedw.,LC,,,
Laubmoose – Musci,Polytrichum commune Hedw.,NE,,,
Laubmoose – Musci,Polytrichum commune Hedw. subsp. commune,LC,,,
Laubmoose – Musci,Polytrichum commune Hedw. subsp. perigoniale,LC,,,
Laubmoose – Musci,Polytrichum formosum Hedw.,NE,,,
Laubmoose – Musci,Polytrichum formosum Hedw. subsp. decipiens,VU,,,
Laubmoose – Musci,Polytrichum formosum Hedw. subsp. formosum,LC,,,
Laubmoose – Musci,Polytrichum juniperinum Hedw.,LC,,,
Laubmoose – Musci,Polytrichum longisetum Brid.,NT,,,abhängig vom Moorschutz
Laubmoose – Musci,Polytrichum piliferum Hedw.,NE,,,
Laubmoose – Musci,Polytrichum piliferum Hedw. subsp. piliferum,LC,,,
Laubmoose – Musci,Polytrichum sexangulare Brid.,LC,,,
Laubmoose – Musci,Polytrichum strictum Brid.,NT,,,abhängig vom Moorschutz
Laubmoose – Musci,Name,Kat.,Kriterien IUCN,NHV,Bemerkungen
Laubmoose – Musci,Pottia bryoides (Dicks.) Mitt.,CR,A2b; B2ab(iv),,
Laubmoose – Musci,Pottia heimii (Hedw.) Hampe,VU,D2,,"möglicherweise ausgestorben, letzter Fund 1920"
Laubmoose – Musci,"Pottia intermedia (Turn.) B., S. & G.",LC,,,
Laubmoose – Musci,Pottia lanceolata (Hedw.) C. Müll.,VU,A2b; D2,,
Laubmoose – Musci,Pottia recta (With.) Mitt.,DD,,,Vorkommen in der Schweiz unsicher
Laubmoose – Musci,Pottia starckeana (Hedw.) C. Müll.,EN,A2b,,
Laubmoose – Musci,Pottia starckeana (Hedw.) C. Müll. subsp.,DD,,,
Laubmoose – Musci,Pottia starckeana (Hedw.) C. Müll. subsp.,DD,,,
Laubmoose – Musci,Pottia truncata (Hedw.) B. & S.,LC,,,
Laubmoose – Musci,Pseudephemerum nitidum (Hedw.) Reim.,LC,,,
Laubmoose – Musci,Pseudobryum cinclidioides (Hüb.) T. Kop.,VU,D2,,letzter Fund 1975
Laubmoose – Musci,Pseudoleskea artariae Thér.,CR,B1ab(iv)+2ab(iv),§REG,"breitungsgebiet, nur im Tessin und"
Laubmoose – Musci,Pseudoleskea incurvata (Hedw.) Loeske,LC,,,
Laubmoose – Musci,Pseudoleskea patens (Lindb.) Kindb.,LC,,,
Laubmoose – Musci,Pseudoleskea plicata (Web. & Mohr) Kindb.,LC,,,
Laubmoose – Musci,Pseudoleskea radicosa (Mitt.) Mac. & Kindb.,LC,,,
Laubmoose – Musci,Pseudoleskeella catenulata (Schrad.) Kindb.,NE,,,
Laubmoose – Musci,Pseudoleskeella catenulata (Schrad.) Kindb.,LC,,,
Laubmoose – Musci,Pseudoleskeella nervosa (Brid.) Nyh.,LC,,,
Laubmoose – Musci,Pseudoleskeella rupestris (Berggr.) Hedenäs & Söderström,DD,,,"Vorkommen in der Schweiz unsicher, Taxonomie unklar"
Laubmoose – Musci,Pseudoleskeella tectorum (Brid.) Broth.,VU,D2,,
Laubmoose – Musci,Pterigynandrum filiforme Hedw.,LC,,,
Laubmoose – Musci,Pterogonium gracile (Hedw.) Sm.,VU,A2b,,
Laubmoose – Musci,Pterygoneurum lamellatum (Lindb.) Jur.,CR,B2ab(iv),,"Fund 1915, Nachsuche mehrerer"
Laubmoose – Musci,Pterygoneurum ovatum (Hedw.) Dix.,VU,D2,,abhängig vom Schutz der Trocken-standorte
Laubmoose – Musci,Pterygoneurum sampaianum (Mach.) Mach.,DD,,,Taxonomie unklar
Laubmoose – Musci,Pterygoneurum subsessile (Brid.) Jur.,VU,D2,,abhängig vom Schutz der Trocken-standorte
Laubmoose – Musci,Ptilium crista-castrensis (Hedw.) De Not.,LC,,,im Mittelland gefährdet
Laubmoose – Musci,Ptychomitrium incurvum (Schwaegr.) Spruce,DD,,,"nur wenige, nicht bestätigte alte Anga-ben und ein zweifelhafter neuer Fund"
Laubmoose – Musci,Ptychomitrium polyphyllum (Sw.) B. & S.,VU,A2b; D2,,
Laubmoose – Musci,Pylaisia polyantha (Hedw.) Schimp.,LC,,,
Laubmoose – Musci,Pyramidula tetragona (Brid.) Brid.,DD,,§REG,"Vorkommen in der Schweiz unsicher, Beleg nicht auffindbar"
Laubmoose – Musci,Racomitrium aciculare (Hedw.) Brid.,LC,,,
Laubmoose – Musci,Racomitrium aquaticum (Schrad.) Brid.,LC,,,
Laubmoose – Musci,Racomitrium canescens (Hedw.) Brid.,LC,,,
Laubmoose – Musci,Racomitrium elongatum Frisv.,LC,,,
Laubmoose – Musci,Racomitrium ericoides (Brid.) Brid.,LC,,,
Laubmoose – Musci,Racomitrium fasciculare (Hedw.) Brid.,VU,D2,,
Laubmoose – Musci,Racomitrium heterostichum (Hedw.) Brid.,NE,,,
Laubmoose – Musci,Racomitrium heterostichum (Hedw.) Brid. subsp.,LC,,,
Laubmoose – Musci,Racomitrium heterostichum (Hedw.) Brid. subsp.,LC,,,
Laubmoose – Musci,Racomitrium heterostichum (Hedw.) Brid. subsp.,LC,,,
Laubmoose – Musci,Racomitrium lanuginosum (Hedw.) Brid.,NT,A2b,,im Mittelland gefährdet
Laubmoose – Musci,Racomitrium macounii Kindb.,LC,,,"erst seit kurzem unterschieden, scheint jedoch nicht selten"
Laubmoose – Musci,Racomitrium microcarpum (Hedw.) Brid.,VU,D2,,
Laubmoose – Musci,Rhabdoweisia crenulata (Mitt.) Jameson,VU,D2,,
Laubmoose – Musci,Rhabdoweisia crispata (Dicks.) Lindb.,EN,B1ab(iv)+2ab(iv),,
Laubmoose – Musci,"Rhabdoweisia fugax (Hedw.) B., S. & G.",LC,,,
Laubmoose – Musci,Rhizomnium magnifolium (Horik.) T. Kop.,LC,,,
Laubmoose – Musci,Rhizomnium pseudopunctatum (B. & S.) T. Kop.,LC,,,
Laubmoose – Musci,Rhizomnium punctatum (Hedw.) T. Kop.,LC,,,
Laubmoose – Musci,Rhodobryum ontariense (Kindb.) Kindb.,LC,,,
Laubmoose – Musci,Rhodobryum roseum (Hedw.) Limpr.,LC,,,
Laubmoose – Musci,Rhynchostegiella curviseta (Brid.) Limpr.,CR,A2b; B1ab(iv)+2ab(iv),,letzter Fund 1979
Laubmoose – Musci,Rhynchostegiella jacquinii (Garov.) Limpr.,VU,D2,,
Laubmoose – Musci,Rhynchostegiella teesdalei (Schimp.) Limpr.,VU,D2,,
Laubmoose – Musci,Rhynchostegiella tenella (Dicks.) Limpr.,LC,,,
Laubmoose – Musci,Rhynchostegium confertum (Dicks.) Schimp.,NE,,,
Laubmoose – Musci,Rhynchostegium confertum (Dicks.) Schimp.,LC,,,
Laubmoose – Musci,Rhynchostegium megapolitanum (Web. & Mohr),NT,,,
Laubmoose – Musci,Rhynchostegium murale (Hedw.) Schimp.,LC,,,
Laubmoose – Musci,Rhynchostegium riparioides (Hedw.) Card.,LC,,,
Laubmoose – Musci,Rhynchostegium rotundifolium (Brid.) Schimp.,NT,D2,,
Laubmoose – Musci,Rhytidiadelphus loreus (Hedw.) Warnst.,LC,,,
Laubmoose – Musci,Rhytidiadelphus squarrosus (Hedw.) Warnst.,NE,,,
Laubmoose – Musci,Rhytidiadelphus squarrosus (Hedw.) Warnst.,LC,,,
Laubmoose – Musci,Rhytidiadelphus squarrosus (Hedw.) Warnst.,LC,,,
Laubmoose – Musci,Rhytidiadelphus triquetrus (Hedw.) Warnst.,LC,,,
Laubmoose – Musci,Rhytidium rugosum (Hedw.) Kindb.,LC,,,im Mittelland gefährdet
Laubmoose – Musci,Saelania glaucescens (Hedw.) Broth.,EN,A2b,,
Laubmoose – Musci,Schistidium agassizii Sull. & Lesq.,VU,D2,,letzter Fund 1966
Laubmoose – Musci,"Schistidium apocarpum (Hedw.) B., S. & G.",DD,,,Taxonomie unklar
Laubmoose – Musci,"Schistidium apocarpum (Hedw.) B., S. & G.",DD,,,Taxonomie unklar
Laubmoose – Musci,"Schistidium apocarpum (Hedw.) B., S. & G.",DD,,,Taxonomie unklar
Laubmoose – Musci,"Schistidium apocarpum (Hedw.) B., S. & G.",DD,,,Taxonomie unklar
Laubmoose – Musci,"Schistidium apocarpum (Hedw.) B., S. & G.",DD,,,Taxonomie unklar
Laubmoose – Musci,"Schistidium apocarpum (Hedw.) B., S. & G.",DD,,,Taxonomie unklar
Laubmoose – Musci,Schistidium flaccidum (De Not.) Ochyra,VU,D2,,
Laubmoose – Musci,Schistidium rivulare (Brid.) Podp.,DD,,,Taxonomie unklar
Laubmoose – Musci,Schistidium rivulare (Brid.) Podp. subsp. latifolium,DD,,,Taxonomie unklar
Laubmoose – Musci,Schistidium rivulare (Brid.) Podp. subsp. rivulare,DD,,,Taxonomie unklar
Laubmoose – Musci,Schistidium trichodon (Brid.) Poelt,LC,,,
Laubmoose – Musci,Schistostega pennata (Hedw.) Web. & Mohr,VU,D2,,
Laubmoose – Musci,Scleropodium purum (Hedw.) Limpr.,LC,,,
Laubmoose – Musci,Scopelophila ligulata (Spruce) Spruce,VU,D2,,
Laubmoose – Musci,Scorpidium scorpioides (Hedw.) Limpr.,VU,A2b,,abhängig vom Moorschutz
Laubmoose – Musci,Scorpidium turgescens (T. Jens.) Loeske  CR,CR,B2ab(iv),,"Fund 1954, Nachsuche mehrerer"
Laubmoose – Musci,Scorpiurium circinatum (Brid.) Fleisch. & Loeske,VU,D2,,
Laubmoose – Musci,Seligeria austriaca Schauer,VU,D2,§REG,
Laubmoose – Musci,Seligeria brevifolia (Lindb.) Lindb.,CR,A2b; B1ab(iv)+2ab(iv),,"Fund erste Hälfte 20.Jh., Suche"
Laubmoose – Musci,"Seligeria calcarea (Hedw.) B., S. & G.  ",VU,D2,,
Laubmoose – Musci,Seligeria carniolica (Breidl. & Beck) Nyh.,RE,,§REG,"einziger Fund 1885, Nachsuche erfolglos"
Laubmoose – Musci,Seligeria donniana (Sm.) C. Müll.,LC,,,
Laubmoose – Musci,Seligeria oelandica C. Jens. & Medel.,VU,D2,,
Laubmoose – Musci,Seligeria patula (Lindb.) Broth.,VU,D2,,einziger Fund 1993
Laubmoose – Musci,"Seligeria pusilla (Hedw.) B., S. & G.  ",LC,,,
Laubmoose – Musci,"Seligeria recurvata (Hedw.) B., S. & G.  ",LC,,,
Laubmoose – Musci,Seligeria trifaria (Brid.) Lindb.,LC,,,
Laubmoose – Musci,Sematophyllum demissum (Wils.) Mitt.,VU,D2,,nur aus dem Tessin bekannt
Laubmoose – Musci,Sphagnum affine Ren. & Card.,VU,D2,§CH,abhängig vom Moorschutz
Laubmoose – Musci,Sphagnum capillifolium (Ehrh.) Hedw.,NT,,§CH,abhängig vom Moorschutz
Laubmoose – Musci,Sphagnum centrale C.Jens.,LC,,§CH,abhängig vom Moorschutz
Laubmoose – Musci,Sphagnum compactum Lam. & DC.,LC,,§CH,
Laubmoose – Musci,Sphagnum contortum K. F. Schultz,LC,,§CH,abhängig vom Moorschutz
Laubmoose – Musci,Sphagnum cuspidatum Hoffm.,NT,A2b,§CH,abhängig vom Moorschutz
Laubmoose – Musci,Sphagnum denticulatum Brid.,LC,,§CH,abhängig vom Moorschutz
Laubmoose – Musci,Sphagnum fimbriatum Wils.,VU,D2,§CH,"abhängig vom Moorschutz,  evtl. in Ausbreitung"
Laubmoose – Musci,Sphagnum fuscum (Schimp.) Klinggr.,VU,A2b,§CH,abhängig vom Moorschutz
Laubmoose – Musci,Sphagnum girgensohnii Russ.,LC,,§CH,abhängig vom Moorschutz
Laubmoose – Musci,Sphagnum magellanicum Brid.,NT,,§CH,abhängig vom Moorschutz
Laubmoose – Musci,Sphagnum majus (Russ.) C.Jens.,LC,,§CH,abhängig vom Moorschutz
Laubmoose – Musci,Sphagnum molle Sull.,VU,D2,§CH,abhängig vom Moorschutz
Laubmoose – Musci,Sphagnum palustre L.,LC,,§CH,abhängig vom Moorschutz
Laubmoose – Musci,Sphagnum papillosum Lindb.,NT,,§CH,abhängig vom Moorschutz
Laubmoose – Musci,Sphagnum platyphyllum (Braithw.) Warnst.,LC,,§CH,abhängig vom Moorschutz
Laubmoose – Musci,Sphagnum quinquefarium (Braithw.) Warnst.,LC,,§CH,
Laubmoose – Musci,Sphagnum recurvum P. Beauv.,NE,,,
Laubmoose – Musci,Sphagnum recurvum P. Beauv. subsp.,NT,,CH,abhängig vom Moorschutz
Laubmoose – Musci,Sphagnum recurvum P. Beauv. subsp.,NT,,,abhängig vom Moorschutz
Laubmoose – Musci,Sphagnum recurvum P. Beauv. subsp.,NT,,CH,abhängig vom Moorschutz
Laubmoose – Musci,Sphagnum rubellum Wils.,NT,,§CH,abhängig vom Moorschutz
Laubmoose – Musci,Sphagnum russowii Warnst.,NT,,§CH,abhängig vom Moorschutz
Laubmoose – Musci,Sphagnum squarrosum Crome,LC,,§CH,abhängig vom Moorschutz
Laubmoose – Musci,Sphagnum subfulvum Sjörs,VU,D2,§CH,abhängig vom Moorschutz
Laubmoose – Musci,Sphagnum subnitens Russ. & Warnst.,LC,,§CH,abhängig vom Moorschutz
Laubmoose – Musci,Sphagnum subsecundum Nees,LC,,§CH,abhängig vom Moorschutz
Laubmoose – Musci,Sphagnum tenellum (Brid.) Bory,NT,,§CH,"abhängig vom Moorschutz,  im Mittelland stärker gefährdet"
Laubmoose – Musci,Sphagnum teres (Schimp.) Ångstr.,LC,,§CH,abhängig vom Moorschutz
Laubmoose – Musci,Sphagnum warnstorfii Russ.,LC,,§CH,abhängig vom Moorschutz
Laubmoose – Musci,Splachnum ampullaceum Hedw.,NT,D2,,"abhängig vom Moorschutz, im Mittel-land und Jura stark gefährdet"
Laubmoose – Musci,Splachnum sphaericum Hedw.,LC,,,
Laubmoose – Musci,Stegonia latifolia (Schwaegr.) Broth.,LC,,,
Laubmoose – Musci,Taxiphyllum wissgrillii (Garov.) Wijk & Marg.,LC,,,
Laubmoose – Musci,Tayloria acuminata Hornsch.,VU,D2,,
Laubmoose – Musci,Tayloria froelichiana (Hedw.) Broth.,LC,,,
Laubmoose – Musci,Tayloria hornschuchii (Grev. & Arn.) Broth.,VU,D2,,"einziger Fund 1936,  Nachsuche erfolglos"
Laubmoose – Musci,Tayloria lingulata (Dicks.) Lindb.,VU,D2,,
Laubmoose – Musci,"Tayloria rudolphiana (Garov.) B., S. & G.  ",VU,D2,§CH,
Laubmoose – Musci,"Tayloria serrata (Hedw.) B., S. & G.  ",NE,,,
Laubmoose – Musci,"Tayloria serrata (Hedw.) B., S. & G. subsp.",LC,,,
Laubmoose – Musci,"Tayloria serrata (Hedw.) B., S. & G. subsp. tenuis",DD,,,
Laubmoose – Musci,Tayloria splachnoides (Schwaegr.) Hook.,EN,B1ab(iv)+2ab(iv),,
Laubmoose – Musci,Tetraphis pellucida Hedw.,LC,,,
Laubmoose – Musci,"Tetraplodon angustatus (Hedw.) B., S. & G.  ",EN,B1ab(iv)+2ab(iv),,
Laubmoose – Musci,"Tetraplodon mnioides (Hedw.) B., S. & G.  ",VU,A2b; D2,,
Laubmoose – Musci,"Tetraplodon urceolatus B., S. & G.  ",CR,A2b; B2ab(iv),,"Fund 1948, Nachsuche einzelner"
Laubmoose – Musci,Tetrodontium ovatum (Funck) Schwaegr.,VU,D2,§REG,
Laubmoose – Musci,Tetrodontium repandum (Funck) Schwaegr.,VU,D2,,
Laubmoose – Musci,Thamnobryum alopecurum (Hedw.) Gang.,LC,,,
Laubmoose – Musci,Thuidium abietinum (Hedw.) Schimp.,LC,,,
Laubmoose – Musci,Thuidium angustifolium (Hampe & C. Müll.) Jaeg.,EN,D2,,"nur aus dem Tessin bekannt, Upgra-ding vorgenommen"
Laubmoose – Musci,Thuidium blandowii (Web. & Mohr) Schimp.,RE,,,"einziger Fund 1914 (Saas Fee), Fundort wurde zerstört"
Laubmoose – Musci,Thuidium delicatulum (Hedw.) Mitt.,LC,,,
Laubmoose – Musci,Thuidium philibertii Limpr.,LC,,,
Laubmoose – Musci,Thuidium recognitum (Hedw.) Lindb.,LC,,,
Laubmoose – Musci,Thuidium tamariscinum (Hedw.) Schimp.,LC,,,
Laubmoose – Musci,Thuidium virginianum (Brid.) Schimp.,CR,B2ab(iv),,kommt nur in der Südschweiz vor
Laubmoose – Musci,Timmia austriaca Hedw.,LC,,,
Laubmoose – Musci,Timmia bavarica Hessl.,LC,,,
Laubmoose – Musci,Timmia norvegica Zett.,VU,D2,,
Laubmoose – Musci,Timmiella anomala (B. & S.) Limpr.,VU,A2b; D2,,
Laubmoose – Musci,Timmiella barbuloides (Brid.) Mönk.,DD,,,Vorkommen in der Schweiz unsicher
Laubmoose – Musci,Tomentypnum nitens (Hedw.) Loeske,LC,,,abhängig vom Moorschutz
Laubmoose – Musci,Tortella bambergeri (Schimp.) Broth.,LC,,,
Laubmoose – Musci,Tortella densa (Lor. & Mol.) Crundw. & Nyh.,LC,,,
Laubmoose – Musci,Tortella fragilis (Hook. & Wils.) Limpr.,LC,,,
Laubmoose – Musci,Tortella humilis (Hedw.) Jenn.,VU,D2,,
Laubmoose – Musci,Tortella inclinata (Hedw. f.) Limpr.,LC,,,
Laubmoose – Musci,Tortella nitida (Lindb.) Broth.,VU,D2,,nur aus dem Tessin bekannt
Laubmoose – Musci,Tortella tortuosa (Hedw.) Limpr.,LC,,,
Laubmoose – Musci,Tortula atrovirens (Sm.) Lindb.,VU,D2,,"vor, abhängig vom Schutz der Tro-"
Laubmoose – Musci,Tortula brevissima Schiffn.,VU,D2,,
Laubmoose – Musci,Tortula canescens Mont.,CR,B2ab(iv),,
Laubmoose – Musci,Tortula caninervis (Mitt.) Broth.,NE,,,
Laubmoose – Musci,Tortula caninervis (Mitt.) Broth. subsp. spuria,VU,,,kommt nur im Wallis vor
Laubmoose – Musci,Tortula fragilis Tayl.,EN,A2b,,
Laubmoose – Musci,Tortula inermis (Brid.) Mont.,EN,A2b,,
Laubmoose – Musci,Tortula intermedia (Brid.) De Not.,LC,,,
Laubmoose – Musci,Tortula laevipila (Brid.) Schwaegr.,CR,B1ab(iv)+2ab(iv),,
Laubmoose – Musci,Tortula latifolia Hartm.,DD,,,Vorkommen in der Schweiz unsicher
Laubmoose – Musci,Tortula mucronifolia Schwaegr.,LC,,,
Laubmoose – Musci,Tortula muralis Hedw.,LC,,,
Laubmoose – Musci,Tortula norvegica (Web.) Lindb.,LC,,,
Laubmoose – Musci,Tortula obtusifolia (Schwaegr.) Math.,CR,B1ab(iv)+2ab(iv),,
Laubmoose – Musci,Tortula pagorum (Milde) De Not.,VU,D2,,
Laubmoose – Musci,Tortula papillosa Wils.,LC,,,
Laubmoose – Musci,Tortula revolvens (Schimp.) G. Roth,VU,D2,,abhängig vom Schutz der Trocken-standorte
Laubmoose – Musci,"Tortula ruralis (Hedw.) Gaertn., Meyer & Scherb.  ",NE,,,
Laubmoose – Musci,"Tortula ruralis (Hedw.) Gaertn., Meyer & Scherb.",DD,,,
Laubmoose – Musci,"Tortula ruralis (Hedw.) Gaertn., Meyer & Scherb.",DD,,,
Laubmoose – Musci,"Tortula ruralis (Hedw.) Gaertn., Meyer & Scherb. subsp. ruralis",LC,,,
Laubmoose – Musci,Tortula sinensis (C. Müll.) Broth.,CR,B1ab(iv)+2ab(iv),,"möglicherweise ausgestorben, letzter Fund 1913"
Laubmoose – Musci,Tortula subulata Hedw.,LC,,,
Laubmoose – Musci,Tortula virescens (De Not.) De Not.,LC,,,
Laubmoose – Musci,Trematodon ambiguus (Hedw.) Hornsch.,VU,A2b; D2,,abhängig vom Moorschutz
Laubmoose – Musci,Trematodon brevicollis Hornsch.,EN,A2b; B1ab(iv)+2ab(iv),,
Laubmoose – Musci,Trichodon cylindricus (Hedw.) Schimp.,LC,,,
Laubmoose – Musci,Trichostomum brachydontium Bruch,LC,,,Unterarten möglicherweise gefährdet
Laubmoose – Musci,Trichostomum brachydontium Bruch subsp.,DD,,,
Laubmoose – Musci,Trichostomum brachydontium Bruch subsp.,DD,,,
Laubmoose – Musci,Trichostomum crispulum Bruch,LC,,,Unterarten möglicherweise gefährdet
Laubmoose – Musci,Trichostomum crispulum Bruch subsp. crispulum,DD,,,Taxonomie unklar
Laubmoose – Musci,Trichostomum crispulum Bruch subsp. viridulum,DD,,,Taxonomie unklar
Laubmoose – Musci,Ulota bruchii Brid.,LC,,,"wird erst seit kurzem unterschieden, scheint jedoch nicht selten"
Laubmoose – Musci,Ulota coarctata (P. Beauv.) Hammar,CR,A2b; B2ab(iv),,
Laubmoose – Musci,Ulota crispa (Hedw.) Brid.,LC,,,
Laubmoose – Musci,Ulota drummondii (Hook. & Grev.) Brid.,DD,,,Vorkommen in der Schweiz unsicher
Laubmoose – Musci,Ulota hutchinsiae (Sw.) Hammar,VU,A2b; D2,,
Laubmoose – Musci,Ulota rehmannii Jur.,NE,,,
Laubmoose – Musci,Ulota rehmannii Jur. subsp. macrospora (Bauer &,CR,,,"möglicherweise ausgestorben, letzte"
Laubmoose – Musci,Voitia nivalis Hornsch.,RE,,,"letzter Fund 1863, Nachsuche erfol-glos"
Laubmoose – Musci,"Weissia brachycarpa (Nees, Hornsch. & Sturm)",LC,,,
Laubmoose – Musci,Weissia condensa (Voit) Lindb.,VU,A2b; D2,,
Laubmoose – Musci,Weissia controversa Hedw.,LC,,,
Laubmoose – Musci,Weissia fallax Sehlm.,DD,,,"wird erst seit kurzem unterschieden, erst einmal nachgewiesen (2003)"
Laubmoose – Musci,Weissia longifolia Mitt.,NT,A2b,,abhängig vom Schutz der Trocken-standorte
Laubmoose – Musci,Weissia rostellata (Brid.) Lindb.,VU,D2,,Erstfund 1999
Laubmoose – Musci,Weissia rutilans (Hedw.) Lindb.,CR,A2b; B1ab(iv)+2ab(iv),,letzter Fund 1983
Laubmoose – Musci,"Weissia squarrosa (Nees, Hornsch. & Sturm) C.",VU,,,
Laubmoose – Musci,Weissia triumphans (De Not.) M. Hill  VU,VU,D2,,abhängig vom Schutz der Trocken-standorte
Laubmoose – Musci,"Weissia wimmeriana (Sendtn.) B., S. & G.  ",LC,,,
Laubmoose – Musci,Zygodon conoideus (Dicks.) Hook. & Tayl.,VU,D2,,einziger Fund 2002
Laubmoose – Musci,Zygodon forsteri (Dicks.) Mitt.,DD,,,Vorkommen in der Schweiz unsicher
Laubmoose – Musci,Zygodon gracilis Wils.,VU,D2,,
Laubmoose – Musci,Zygodon viridissimus (Dicks.) Brid.,NE,,,
Laubmoose – Musci,Zygodon viridissimus (Dicks.) Brid. subsp.,NT,,,
Laubmoose – Musci,Zygodon viridissimus (Dicks.) Brid. subsp.,VU,,,
Laubmoose – Musci,Zygodon viridissimus (Dicks.) Brid. subsp.,LC,,,