Scientific Name,deutscher name,CAT,Criteria,NHV,Bemerkungen
Abortiporus biennis (Bull.: Fr.) Singer,Rötender Saftwirrling,VU,B1ab(iv),,
Agaricus altipes (F.H. Moeller) Pilat,Langstieliger Stink-Egerling,EN,D1,,
Agaricus benesii Pilat,Rötender Riesenchampignon,VU,D1,,
Agaricus comtulus Fr.,Wiesen-Zwergchampignon,NT,,,in Wiesen
Agaricus excellens (F.H. Moeller) F.H. Moeller,Schneeweißer Riesenchampignon,VU,D1,,
Agaricus lanipes (F.H. Moeller et Jul. Schaeff.),Wollfuß-Champignon,VU,D1,,
Agaricus leucotrichus (F.H. Moeller) F.H. Moeller,Weißhaariger Anis-Champignon,EN,D1,,
Agaricus luteomaculatus (F.H. Moeller) F.H. Moeller,Ockerbrauner Zwerg-Champignon,VU,D1,,
Agaricus lutosus (F.H. Moeller) F.H. Moeller,Ockerfarbener Zwerg-Egerling,EN,B1ab(iii),,Grasland-Art
Agaricus macrocarpus (F.H. Moeller) F.H. Moeller,Großer Anis-Champignon,VU,D1,,
Agaricus maleolens F.H. Moeller,Übelriechender Champignon,VU,D1,,"in Gärten, Parks, Nadelstreu"
Agaricus nivescens (F.H. Moeller) F.H. Moeller,Schneeweißer Champignon,VU,"B1ab(iv,iii)",,Grasland
Agaricus porphyrizon P.D. Orton,Purpurfarbiger Champignon,VU,D1,,auch Parkanlagen
Agaricus subperonatus (J.E. Lange) Singer,Gegürtelter Champignon,EN,"B1ab(iii,iv)",,in Trockenwiesen und schwach gedüngtem Grasland
Agaricus vaporarius (Pers.) Cappelli,Kompost-Champignon,NT,,,"Grasland, ruderale Standorte"
Agrocybe elatella (P. Karst.) Vesterholt,Sumpfwiesen-Ackerling,VU,"B1ab(iii,iv)",,Sümpfe
Agrocybe firma (Peck) Kuehner,Samtiger Ackerling,VU,D1,,
Agrocybe vervacti (Fr.: Fr.) Singer,Hohlstieliger Ackerling,VU,D1,,"Aecker, Grasland"
Aleurocystidiellum disciformis (DC.: Fr.) Telleria,Schüsselförmige Mehlscheibe,NT,,,
Aleurocystidiellum subcruentatum (Berk. et M.A.Curtis) P.A. Lemke,Skelettzystiden-Mehlscheibenpilz,CR,D1,,
Aleurodiscus amorphus (Pers.: Fr.) J. Schroet.,Orangefarbene Mehlscheibe,VU,B1ab(iv),,
Aleurodiscus aurantius (Pers.: Fr.) J. Schroet.,goldorange Mehlscheibe,VU,D1,,
Amanita beckeri Huijsman,Hellflockiger Scheidenstreifling,EN,B1ab(iii)+D1,,im Laubwald
Amanita caesarea (Scop.: Fr.) Pers.,Kaiserling,VU,"B1ab(ii,iii,iv)+B2ab(iii)",,
Amanita eliae Quel.,Kammrandiger Wulstling,VU,B1ab(iii),,
Amanita franchetii (Boud.) Fayod,Rauher Wulstling,VU,"B1ab(iii,iv)",,
Amanita friabilis (P. Karst.) Bas,Erlen-Scheidenstreifling,EN,"B1ab(iii,iv)",,Grauerlenwald
Amanita gemmata (Fr.) Bertillon,Narzissengelber Wulstling,NT,,,
Amanita lividopallescens (Gillet) Seyot,Ockergrauer Scheidenstreifling,VU,B1ab(iii)+B2ab(ii),,
Amanita magnivolvata Aalton,Grossscheidiger Scheidenstreifling,VU,B1ab(iii)+B2ab(iii),,nur in Westschweiz!
Amanita mairei Foley,Silberweißer Scheidenstreifling,NT,,,
Amanita nivalis Grev.,Alpiner Scheidenstreifling,VU,D1,,alpine Art
Amanita pachyvolvata (Bon) Krieglsteiner,Dickscheidiger Wulstling,VU,D1,,
Amanita solitaria (Bull.:Fr.) Merat,Stachelschuppiger Wulstling,VU,B1ab(iii),,
Amanita verna (Bull.) Pers.,Frühlings-Knollenblätterpilz,VU,"B1ab(iii,iv)+B2ab(iii,iv)",,
Amyloporiella crassa (P. Karst.) A. David et Tortic,Dickliche Braunfäuletramete,EN,B1ab(iv)+B2ab(iv)+D2,,keine rezente Funde!
Amylostereum laevigatum (Fr.: Fr.) Boidin,Wacholder-Schichtpilz,VU,B1ab(iv),,
Anellaria phalaenarum Bull.: Fr.,Schmieriger Düngerling,NT,,,
Anthracobia maurilabra (Cooke) Boud.,Düsterer Brandstellenbecherling,NT,,,
Antrodia albida (Fr.:Fr.) Donk,Weißliche Tramete,VU,B1ab(iv),,
Antrodia lenis (Karst.) Ryvarden,Rosafleckende Braunfäuletramete,EN,D1,,
Antrodia malicola (Berk. et M.A. Curtis) Donk,Apfelbaum-Resupinatporling,EN,B1ab(iv),,
Antrodia ramentacea (Berk. et Broome) Donk,Knospen-Tramete,EN,B1ab(iv)+B2ab(iv),,
Antrodia sinuosa (Fr.: Fr.) P. Karst.,Wellige Braunfäule-Tramete,EN,B1ab(iv)+B2ab(iv),,
Antrodiella semisupina (Berk. et M.A. Curtis) Ryvarden et I. Johans.,Knorpelige Tramete,VU,B1ab(iv)+B2ab(iv),,
Arcangeliella borziana Cavara,Braunrote Milchtrüffel,NT,,,
Arcangeliella stephensii (Berk.) Zeller et B.O. Dodge,Fastgestielte Milchtrüffel,VU,D1,,
Armillaria ectypa (Fr.: Fr.) Lamoure,Moor-Hallimasch,RE,,,letzte Fundmeldung 1935
Arrhenia retirugis (Bull.: Fr.) Redhead,Netziger Adermoosling,NT,,,
Arrhenia roseola (Quel.) Senn-Irlet,Rosa-Adermoosling,EN,D1,,im Weidegebiet an Erdanrissen
Ascozonus woolhopensis (Berk. et Broome) Boud.,Dung-Haarbecherchen,VU,D1,,
Asterostroma cervicolor (Berk. et M.A. Curtis) Massee,Ockerfarbener Sternsetenpilz,VU,D2,,
Asterostroma laxum Bres.,Glattsporiger Sternsetenpilz,EN,D1,,
Astraeus hygrometricus (Pers.) Morgan,Wetterstern,VU,D1,,eine Art der Südschweiz
Aurantioporus fissilis (Berk. et M.A. Curtis) H. Jahn,Apfelbaum-Weichporling,VU,"B1ab(iii,iv)+C2a(i)",,
Bankera fuligineoalba (Schmidt: Fr.) Pouzar,Schmutziger Stacheling,EN,"B1ab(iii,iv)",,bei Föhren
Bankera violascens (Alb. et Schwein.: Fr.) Pouzar,Violettlicher Stacheling,VU,B1ab(iii)+D1,,
Basidiodendron cinereum (Bres.) Luck-Allen,graue Wachsrinde,VU,D1,,
Biscogniauxia marginata (Fr.: Fr.) Pouz,Berandeter Rindenkugelpilz,VU,Bab(iii) + D1,,an Holz von Mehlbeeren (Sorbus)
Boidinia furfuracea (Bres.) Stalpers et Hjortstam,Kleiiger Gloeozystidenrindenpilz,VU,D1,,
Boidinia subasperisporum (Litsch.) Juelich,feinwarziger Flockenschwamm,VU,D1,,
Bolbitius pluteoides M.M.Moser,Dachpilzartiger Mistpilz,EN,B1ab(iv)+D1,,adventiv?
Boletopsis grisea (Peck) Bondartsev et Singer,Bitterer Russporling,EN,B1ab(iv),,"vor allem in den Südalpen, bis in die subalpine Stufe"
Boletopsis leucomelaena (Pers.) Fayod,Grauer Rußporling,NT,,,
Boletus aereus Bull.: Fr.,Bronze-Röhrling,VU,B1ab(iii)+D1,,
Boletus depilatus G. Redeuilh,Gefleckthütiger Röhrling,NT,,,
Boletus dupainii Boud.,Dupains Hexenröhrling,EN,B1ab(iii)+D1,,bei Eichen
Boletus fechtneri Velen.,"Sommer-Röhrling, Silber-Röhrling",VU,"B1ab(iii,iv)",,
Boletus impolitus Fr.,Fahler Röhrling,VU,"B1ab(iii,iv)+D1",,
Boletus junquilleus (Quel.) Boud.,Zweifarbiger Hexenröhrling,EN,"B1ab/(iii,iv)",,
Boletus pseudoregius Hubert ex Estades,Blauender Königsröhrling,EN,"B1ab(iii,iv)+D1",,bei Eichen und Buchen
Boletus queletii Schulz.,Glattstieliger Hexenröhrling,VU,B1ab(iii),,
Boletus regius Krombh.,Königs-Röhrling,EN,"B1ab(iii,iv)+D1",§CH,"bei Eichen, Buchen und Kasta-
nien"
Boletus rhodopurpureus Smotl.,Weinroter Röhrling,VU,B1ab(iii)+D1,,wieso nicht im Mittelland?
Boletus rhodoxanthus (Krombh.) Kallenb.,Rosahütiger Purpur-Röhrling,VU,C2a(i),,
,,Kat.,Kriterien IUCN,NHV,Bemerkungen
Boletus splendidus G.W. Martin,Mosers Satansröhrling,NT,,,"eher seltene Art, aber verbreitet"
"Boletus subappendiculatus Dermek et Lazebn. et
Ves.",Falscher Anhängselröhrling,NT,,,"seltene Art, wenig Individuen"
Boletus torosus Fr.,Ochsen-Röhrling,EN,"B1ab(iii,iv)",,bei Buchen
Bondarzewia mesenterica (Schaeff.) Kreisel,Bergporling,NT,,,
Botryotinia calthae Hennebert et Elliot ap. Hennebert et Groves,Sumpfdotterblumen-Becherling,EN,D1,,an Sumpfdotterblumen
Botryotinia ranunculi Hennebert et Groves,Hahnenfuß-Sklerotienbecherling,EN,D1,,
Bovista limosa Rostr.,Kleinster Bovist,EN,"B1ab(iii,iv)",,sandig-kiesiger Boden
Bovista paludosa Lev.,Moor-Bovist,EN,B1ab(iii),,"Hoch- und Flachmoore, Bachränder"
Bovista pusilla (Batsch: Pers.) Pers.,Zwerg-Bovist,EN,B1ab(iv),,"sandige, offene Standorte"
Bovista tomentosa (Vittad.) Quel.,Filziger Bovist,EN,"B1ab(ii,iii,iv)",,"sandig-offene Standorte, Trockenrasen und Gletschervorfelder"
Byssonectria fusispora (Berk.) Rogerson et Korf,Spindelsporiger Becherling,NT,,,auch an Brandstellen
Byssonectria terrestris (Alb. et Schwein.: Fr.) Pfister,Erdbewohnender Filzpustelpilz,EN,D1,,übersehen?
Calocybe obscurissima (Pearson) M.M. Moser,Umberbrauner Schönkopf,VU,D1,,
Calocybe onychina (Fr.) Donk,Purpurbrauner Schönkopf,VU,D1,,
Caloscypha fulgens (Pers.) Boud.,Leuchtender Prachtbecher,VU,B1ab(iv),,Frühjahrespilz
Calycellina ulmariae (Lasch in Rabh.) Korf,Spierstauden-Kurzhaarbecher,NT,,,
Camarophyllopsis atropuncta (Pers.: Fr.) Arnolds,Punktiertstieliger Samtschneckling,CR,D1,,
Camarophyllopsis foetens (W. Phillips) Arnolds,Stinkender Samtschneckling,CR,D1,,
Camarophyllopsis micacea (Berk. et Broome) Arnolds,Goldbrauner Samtschneckling,CR,D1,,
Camarophyllopsis phaeophylla (Romagn.) Arnolds,Braunblättriger Samtschneckling,CR,D1,,
Camarophyllopsis schulzeri (Bres.) Herink,Graubrauner Samtschneckling,CR,D1,,
Camarophyllus berkeleyianus Clemencon,Blasser Wiesenellerling,EN,D1,,Grasland
Camarophyllus cinereus (Fr.) Karst.,Ganzgrauer Ellerling,EN,B1ab(iii),,Grasland
Camarophyllus flavipes (Britzelm.) Clemencon,Gelbfüßiger Ellerling,VU,D2,,
Camarophyllus fuscescens (Bres.) M.M.Moser,Bräunlicher Ellerling,VU,"B1ab(iii,iv)",,"Grasland, aus dem Mittelland verschwunden"
Camarophyllus lacmus (Schum.) J.E. Lange,Gelbfüssiger Ellerling,VU,B1ab(iv),,
Camarophyllus russocoriaceus (Berk. et Mill.) J.E. Lange,Juchten-Ellerling,VU,B1ab(iv),,Grasland
Candelabrochaete septocystidia (Burt) Burds.,Kandelaber-Septozystidenpilz,EN,D1,,"nur aus dem Tessin bekannt, an Linden- und Weidenholz"
Cantharellula umbonata (Gmel.: Fr.) Singer,Rötender Gabeling,VU,D1,,"subalpine Stufe, Voralpen"
Cantharellus ianthinoxanthus Maire,Schwärzender Pfifferling,EN,D1,,Buchenwald
Cantharellus melanoxeros Desm.,Schwärzender Pfifferling,VU,B1ab(iii),,
Ceraceomyces sublaevis (Bres.) Juelich,Kleinsporiger Wachsrindenpilz,NT,,,
Ceriporiopsis gilvescens (Bres.) Domanski,Fleckender Harzporling,EN,D1,,Laubholz
Ceriporiopsis resinascens (Romell) Domanski,Harziger Wachs-Porling,EN,D1,,Laubholz
Chalciporus pseudorubinus (Thirring) Pilat et Dermek,Kleinster Zwergröhrling,CR,D1,,
Chamonixia caespitosa (Rolland) Fischer,Blaunuß,EN,D1,,im Fichtenwald
Cheilymenia theleboloides (Alb. et Schwein.: Fr.) Boud.,Blaßgelber Erdborstling,VU,B1ab(iv)+D1,,
Cheilymenia vitellina (Pers.) Dennis,Dottergelber Erdborstling,VU,D1,,
Choiromyces maeandriformis Vittad.,Weiße Mäandertrüffel,NT,,,
Ciboria viridifusca (Fuckel) Hoehn.,Erlenzäpfchen-Becherling,EN,D1,,an Erlenzäpfchen
Claussenomyces prasinulus (P.Karsten) Korf et Abawi,Lauchgrünes Gallertbecherchen,NT,,,
Clavaria argillacea Pers.: Fr.,Gelbstielige Keule,EN,D1,,"«auf Heideböden», Standorte vom Verschwinden bedroht"
Clavaria candida Weinm. (ss. Quel.),Sternsporige Keule,EN,D1,,wohl öfters mit C. asterospora = C. falcata verwechselt
Clavaria fumosa Fr.,Rauchgraue Keule,EN,"B1ab(iii,iv)",,
Clavaria incarnata Weinm.,Fleischfarbene Keule,EN,D1,,Grasland und grasige Wälder
Clavaria rosea Fr.,Rosafarbige Koralle,CR,D1,,
Clavaria zollingeri Lev.,Zollingscher Korallenpilz,EN,"B1ab(ii,iii)",§CH,Grasland
Clavicorona pyxidata (Pers.: Fr.) Doty,Becherkoralle,VU,D1,,
Clavulicium macounii (Burt) J. Erikss. et Boidin,Macouns Rindenpilz,EN,D1,,an Nadelholz
Clavulina amethystina (Fr.) Donk,Violette Koralle,EN,B1ab(iv),,Grasland und grasiger Wald
Clavulinopsis corniculata (Schaeff.: Fr.) Corner,Gelbe Wiesenkoralle,NT,,,Grasland-Art!
Clavulinopsis fusiformis (Sowerby: Fr.) Corner,Spindelförmige Wiesenkeule,VU,"B1ab(iii,iv)",,"Voralpenpilz, früher wohl häufiger"
Clavulinopsis helveola (Pers.: Fr.) Corner,Goldgelbe Wiesenkeule,NT,,,
Clavulinopsis luteoalba (Rea) Corner,Gelbweisses Keulchen,EN,D1,,Feuchtwiesen
Clitocybe barbularum (Romagn.) P.D. Orton,Dünen-Nabeling,EN,"B1ab(ii,iii)",,sandige Trockenrasen
Clitocybe bresadolana Singer (non ss. Einhell.),Heidetrichterling,VU,B1ab(iii),,auch alpine Art
Clitocybe collina (Velen.) Klan,Hügel-Trichterling,CR,D1,,Trockenrasenart
Clitocybe elegantula J. Favre,Eleganter Trichterling,EN,D1,,
"Clitocybe ericetorum (Bull.: Fr.) Quel. ss. Bres., J.E. Lange",Heide-Trichterling,EN,"B1ab(iii,iv)",,Grasland
Clitocybe favrei Kuehner et Romagn.,Favre’ Trichterling,EN,D1,,in Hochmooren
Clitocybe festiva J. Favre,Wachsbleicher Trichterling,VU,D1,,alpine Art
Clitocybe fuligineipes Metrod,Starrer Trichterling,VU,D1,,
Clitocybe glareosa Roellin et Monthoux,Kiesliebender Trichterling,EN,"B1ab(ii,iii)",,in Trockenrasen
Clitocybe lateritia J. Favre,Ziegelroter Trichterling,EN,D1,,"alpin, auf Kalkböden"
Clitocybe lituus (Fr.) Metrod,Faserstieliger Trichterling,EN,D1,,
Clitocybe marginella Harmaja,Zweifarbiger Trichterling,VU,D1,,
Clitocybe martiorum J. Favre,Fälblings-Rötelritterling,EN,D1,,typische Art des Mittellandes
Clitocybe maxima (Fl.Wett.ex Fr.) P. Kumm.,Riesen-Trichterling,VU,B1ab(iv)+B2ab(iv),,
Clitocybe pseudoobbata (J.E. Lange) Kuyper,Graubräunlicher Trichterling,EN,"B1ab(ii,iii)",,sandige Böden
Clitocybe subsalmonea Lamoure,Rosabrauner Trichterling,VU,D2,,
Clitocybe truncicola (Peck.) Sacc.,Weisser Holz-Trichterling,EN,D1,,an Laubholz
Clitocybe tuba (Fr.) Gillet ss.Ricken,Trompeten-Trichterling,EN,D1,,
Collybia acervata (Fr.: Fr.) P. Kumm,Rotstieliger Rübling,NT,,,
Collybia fodiens (Kalchbr.) J. Favre,Durchbohrter Rübling,VU,D1,,Eventuell verkannt
Collybia hybrida (Kuehner et Romagn.) Svrcek et Kubicka,Zimtbrauner Rübling,VU,D1,,selten
Collybia nivalis (Luethi et Plomb) M.M. Moser,Schneerübling,EN,D1,,Frühlingspilz
Collybia oreadoides (Passer.) P.D. Orton,Heller Büschel-Rübling,VU,D1,,
Collybia prolixa (Hornem.: Fr.) Gillet (non ss.Ricken),Kerbblättriger Rübling,VU,D1,,unter Erlen
Conocybe antipus (Lasch) Kuehner,Spindeliges Samthäubchen,VU,D1,,"gedüngte Standorte, Kompost, selten"
Conocybe aurea (J.Schff.) Kuehner,Gold-Samthäubchen,VU,D1,,"humus- und nährstoffreiche Stellen, Fettwiesen"
Conocybe intrusa (Peck) Singer,Ansehnliches Samthäubchen,VU,D1,,Winter bis Frühjahr
Conocybe moseri Watling,Grauschwärzliches Samthäubchen,NT,,,
Coprinus echinosporus Buller,Warzigsporiger Tintling,VU,D1,,
Coprinus latisporus P.D. Orton,Schneeweißes Breitsportintling,VU,D1,,"Kuhdung und Pferdedung, im Alpenraum"
Coprinus martinii J. Favre ex P.D. Orton,Viersporiger Kalyptrat-Tintling,CR,D1,,
Coprinus narcoticus (Batsch: Fr.) Fr.,Narkotischer Tintling,VU,B1ab(iv),,im Mittelland
Coprinus phaeosporus P. Karst. (non ss. J.E. Lange),Dunkelsporiger Tintling,CR,A2a,,letzter Fund 1988
Coprinus radians (Desm.) Fr.,Strahlfüßiger Tintling,NT,,,Abnahme?
Coprinus truncorum (Scop.) Fr.ss.Romagn.,Weiden-Tintling,VU,D1,,
Cordyceps michiganensis Mains,amerikanische Kernkeule,CR,D1,,
Cordyceps sphecocephala (Klotzsch ex Berk.) Berk. et M.A. Curtis,Wespen-Kernkeule,EN,D1,,auf toten Wespen
Cortinarius allutus (Secr.) Fr.,Bereifter Schleimkopf,VU,"B1ab(iii,iv)",,
Cortinarius amurceus Fr.ex Fr.,Ockergelber Schleimkopf,NT,,,
Cortinarius arcuatorum R. Hry,Violettgesäumter Klumpfuß,EN,B1ab(iii),,
Cortinarius argutus Fr. ss.Ricken,Spitzbasiger Dickfuß,EN,D1,,Voralpen-Pilz
Cortinarius armillatus (Fr.: Fr.) Fr.,Geschmückter Gürtelfuß,VU,D1,,nährstoffarmes Habitat
Cortinarius arquatus (Fr.) Fr.,Gelbbescheideter Klumpfuß,EN,"B1ab(iii,iv)",,Fichtenwald
Cortinarius atrovirens Kalchbr.,Schwarzgrüner Klumpfuß,NT,,,Lebensraum Weisstanne
Cortinarius aureofulvus M.M. Moser,Goldbrauner Klumpfuss,EN,D1,,"wenige Individuen, nach 1990 lediglich zwei Wiederfunde!"
Cortinarius aureopulverulentus M.M. Moser,Goldstaub-Klumpfuß,CR,D1,,
Cortinarius avellaneocoeruleus (M.M. Moser) M.M. Moser,Haselnussbrauner Klumpfuss,CR,D1,,
Cortinarius azureovelatus P.D. Orton,Blauberandeter Seidenkopf,EN,B1ab(iii),,
Cortinarius azureus Fr.,Violettblauer Dickfuß,VU,"B1ab(iii,iv)",,
Cortinarius balteatoalbus R. Hry,Feinfilziger Schleimkopf,EN,D1,,im Nadelwald
Cortinarius balteatocumatilis (R. Hry) ex P.D. Orton,Braunvioletter Schleimkopf,EN,B1ab(iii),,
Cortinarius betulinus J. Favre,Schmächtiger Birken-Schleimfuss,VU,B1ab(iv),,Moorwald
Cortinarius bulbosus (Sowerby: Fr.) Fr.,Knolliger Gürtelfuß,VU,D1,,
Cortinarius caerulescentium R. Hry,Weissockerlicher Klumpfuss,EN,B1ab(iii)+B2ab(iii),,
Cortinarius caesiocanescens M.M. Moser,Grauer Klumpfuss,VU,B1ab(iii)+B2ab(iii),,
Cortinarius caesiocortinatus Jul. Schaeff.,Rundsporiger Klumpfuß,CR,B1ab(iii)+D1,,
Cortinarius caesiocyaneus Britzelm.,Violettlicher Klumpfuss,EN,B2ab(iii)+B1ab(iii),,Buchenwaldart
Cortinarius caesiostramineus R. Hry,Bitterlicher Klumpfuss,EN,B1ab(iii)+D1,,Buchenwaldart
Cortinarius causticus Fr.,Bereifter Schleimfuß,VU,B1ab(iii),,
Cortinarius cephalixus Fr.,Körnigrauher Schleimkopf,VU,B1a(iii),,
Cortinarius cereifolius (M.M. Moser) M.M. Moser,Wachsblättriger Klumpfuss,NT,,,
Cortinarius cinnabarinus Fr.,Zinnoberroter Hautkopf,VU,"B1ab(iii,iv)",,
Cortinarius citrinoolivaceus M.M. Moser,Zitronenoliver Klumpfuss,VU,C2a(i),,
Cortinarius citrinus J.E. Lange ex P.D. Orton,Zitronengelber Klumpfuß,VU,B1ab(iii)+2ab(iii),,
Cortinarius cliduchus Fr.,Gelbgegürtelter Schleimkopf,VU,B1ab(iii),,
Cortinarius corrosus Fr.,Vergrabener Klumpfuß,EN,B1ab(iii),,
Cortinarius cotoneus Fr.,Olivbrauner Rauhkopf,VU,"B1ab(iii,iv)",,Wieso fehlen Funde aus dem Mittelland?
"Cortinarius crassus Fr. non Lge, Bres.",Trockener Seidenkopf,EN,B2ab(iv)+B1ab(iv); C2a(i),,Mittellandpopulation für B(iii) nicht berücksichtigt
Cortinarius croceocoeruleus (Pers.: Fr.) Fr.,Safranblauer Schleimfuß,VU,"B1ab(iii,iv)",,
Cortinarius croceoconus Fr.,Spitzgebuckelter Safran-Hautkopf,VU,D1,,
Cortinarius cumatilis Fr.,Taubenblauer Schleimkopf,VU,B1ab(iii)),,
Cortinarius cyaneus (Bres.) M.M. Moser,Dunkelblauer Schleimkopf,VU,"B1ab(iii,iv)",,Laubwald (Jura)
Cortinarius cyanites Fr.,Rötender Dickfuß,VU,D1,,
Cortinarius dibaphus Fr.,Bunter Klumpfuss,EN,B1ab(iii),,
Cortinarius elegantissimus Rob. Henry,Prächtiger Klumpfuß,VU,B1ab(iii),,Buchenwaldart
Cortinarius emollitus Fr.,Weichstieliger Schleimfuss,VU,D2,,
Cortinarius fulmineus (Fr.) Fr.,Fuchsiger Klumpfuß,VU,"B1ab(iii,iv)",,
Cortinarius glandicolor Fr.,Schwarzbrauner Gürtelfuß,EN,D1,,
Cortinarius guttatus R. Hry,Getropfter Klumpfuß,EN,B1ab(iii)+D1,,
Cortinarius haematochelis (Bull. ex Fr.) Fr.,Pupurroter Gürtelfuss,VU,D1,,
Cortinarius herpeticus Fr.,Grünvioletter Klumpfuß,VU,"B1ab(iii,iv)",,
Cortinarius humicola (Quel.) Maire,Sparriger Rauhkopf,VU,"B1ab(iii,iv)",,
Cortinarius largus Fr.,Blasser Schleimkopf,VU,B1ab(iii),,
Cortinarius lignicolus Bidaud,Holzbewohnender Rauhkopf,VU,D1,,
Cortinarius lividoochraceus (Berk.) Berk.,Langstieliger Schleimfuß,NT,,,
Cortinarius lividoviolaceus R. Hry,Langstieliger Schleimkopf,VU,B1ab(iii),,
Cortinarius mairei (M.M. Moser) M.M. Moser,Riechender Klumpfuss,EN,D1,,
Cortinarius malachioides P.D. Orton,Hygrophaner Dickfuss,EN,B1ab(iv),,
Cortinarius miniatopus J.E. Lange,Rotfüssiger Gürtelfuss,EN,D1,,
Cortinarius moenne-loccozii Bidaud 1993,Scheiden-Klumpfuss,EN,B1ab(iii)+D1,,
Cortinarius mucifluus Fr. (non al.),Kiefern-Schleimfuss,NT,,,
Cortinarius nemorensis (Fr.) J.E. Lange,Verfärbender Schleimkopf,NT,,,
Cortinarius olidus J.E. Lange,Gelbgegürtelter Schleimkopf,NT,,,
Cortinarius orellanus (Fr.) Fr.,Orangefuchsiger Rauhkopf,NT,,,
Cortinarius paracephalixus Bohus,Rötender Schleimkopf,VU,D2,,
Cortinarius phoeniceus Maire,Rotgenatterter Hautkopf,EN,"B1ab(iii,iv)",,Vor allem im Tessin
Cortinarius pholideus (Fr.:Fr.) Fr.,Braunschuppiger Dickfuß,VU,B1ab(iv),,
Cortinarius phrygianus (Fr.) Fr.,Hallimasch-Rauhkopf,CR,D1,,letzte Fundmeldung 1972
Cortinarius porphyropus (Alb. et Schwein.) Fr.,Purpurfüßiger Schleimkopf,VU,B1ab(iii),,
Cortinarius prasinus Fr. ss.K. et M.,Lauchgrüner Klumpfuss,EN,"B1ab(iii,iv)+C2a(i)",,
Cortinarius psammocephalus Fr.,Kleiigschuppiger Gürtelfuß,EN,D1,,
Cortinarius pseudocyanites R. Hry,Kaumrötender Dickfuss,EN,"B1ab(iii,iv)",,
Cortinarius pseudoglaucopus (Jul. Schaeff. ex M.M. Moser) Quadr.,Violettgerandeter Klumpfuss,VU,"B2(ii,iii)",,Föhrenwald
Cortinarius pseudosulphureus R. Hry ex P.D. Orton,Grünlings-Klumpfuß,VU,"B1ab(iii,iv)+D1",,
Cortinarius pumilus (Fr.) J.E. Lange,Zwergenhafter Schleimfuss,EN,B1ab(iii)+D1,,
Cortinarius rapaceus Fr.,Tonblasser Klumpfuß,EN,"B1ab(iii,iv)+C2a(i)",,
Cortinarius raphanoides (Pers.: Fr.) Fr.,Rettich-Rauhkopf,EN,D1,,seltener Birken-Begleiter
Cortinarius rheubarbarinus R. Hry,Rhabarber-Wasserkopf,NT,,,
Cortinarius rufoolivaceus (Pers.: Fr.) Fr.,Violettroter Klumpfuß,VU,B1ab(iii),,
Cortinarius saniosus (Fr.) Fr.,Gelbgeschmückter Gürtelfuß,EN,B1ab(iv),,
Cortinarius saporatus Britzelm.,Ockergelber Klumpfuß,EN,D1,,
Cortinarius schaefferi Bres.,Hainbuchen-Hautkopf,NT,,,
Cortinarius scutulatus Fr.,Violetter Rettich-Gürtelfuß,VU,"B1ab(iii,iv)",,Moore
Cortinarius sebaceus Fr.,Rasiger Schleimkopf,VU,"B1ab(iii,iv)+C2a(i)",,kein subalpiner Fichtenwaldpilz
Cortinarius sodagnitus R. Hry,Violetter Klumpfuß,VU,B1ab(iii),,
Cortinarius solis-occasus Melot,Abendrot-Gürtelfuss,NT,,,
Cortinarius spadiceus (Batsch) Fr.,Brauner Schleimkopf,EN,D1,,
Cortinarius subannulatus Jul. Schaeff. et M.M. Moser apud M.M. Moser,Fastberingter Rauhkopf,EN,D1,,wohl schwierige Identfikation
Cortinarius subferrugineus (Batsch: Fr.) Fr.,Rostbräunlicher Wasserkopf,EN,"B1ab(iii,iv)",,
Cortinarius subporphyropus Pilat,Graublauer Zwerg-Schleimkopf,EN,B2ab(iii),,
Cortinarius subpurpurascens (Batsch) Kickx,Falscher Purpur-Klumpfuss,CR,A2ac,,Letzte Fundmeldung 1940
Cortinarius suillus Fr. ss. J.E. Lange,Schweins-Dickfuss,NT,,,Laubwaldart auf Kalk
Cortinarius talus Fr.,Falbblättriger Klumpfuß,EN,D1,,Wald-Sonderstandorte
Cortinarius tophaceus (Fr.: Fr.) Fr.,Goldfuchsiger Rauhkopf,EN,D1,,
Cortinarius triumphans (Fr.) Fr.,Birken-Schleimkopf,VU,B1ab(iii),,"Moore, moorige Wälder, Heiden"
Cortinarius trivialis J.E. Lange,Natternstieliger Schleimfuß,NT,,,
Cortinarius tubarius Ammirati et A.H. Sm.,Torfmoos-Hautkopf,NT,,,
Cortinarius turmalis Fr.,Rasiger Seidenkopf,EN,D1,,
Cortinarius uliginosus Berk.,Kupferroter Hautkopf,NT,,,
Cortinarius variegatus Bres.,Variabler Seidenkopf,EN,D1,,
Cortinarius vespertinus (Fr.) Fr.,Blasser Schleimkopf,EN,D1,,
Cortinarius vulpinus (Velen.) R. Hry,Fuchsigbrauner Schleimkopf,VU,"B1ab(iii,iv)",,
Cortinarius xanthophyllus (Cooke) R. Hry,Goldblättriger Klumpfuß,EN,"B1ab(iii,iv)",,
Cortinarius zinziberatus (Scop.: Fr.) Fr.,Olivgelber Rauhkopf,EN,D1,,
Cotylidia undulata (Pers.: Fr.) P. Karst.,Pfifferlings-Warzenpilz,EN,D1,,
Crepidotus autochthonus J.E. Lange,Gebrechlicher Krüppelfuß,EN,D1,,
Crepidotus ehrendorferi Hauskn. et Krisai,Bleiches Stummelfüsschen,CR,D1,,
Crepidotus versutus (Peck) Sacc.,Weichhaariger Krüppelfuß,NT,,,
Crinipellis scabella (Alb. et Schwein.: Fr.) Murrill,Wiesen-Haarschwindling,VU,"B1ab(iii,iv)",,
Cristinia gallica (Pilat) Juelich,Gallischer Rindenpilz,VU,B1ab(iv),,
Cristinia helvetica (Pers.) Parmasto,Schweizer-Rindenpilz,NT,,,
Crocicreas calathicola (Rehm) Carp.,Distel-Stengelbecherchen,NT,,,alpine Art bei Cirsium spinosis-simum
Cudoniella clavus (Alb. et Schwein.: Fr.) Dennis,Wasserkreisling,VU,B1ab(iv),,
Cyphella digitalis (Alb. et Schwein.: Fr.) Fr.,Tannen-Fingerhut,VU,B1ab(iv),,
Cyphellostereum laeve (Fr.: Fr.) D.A. Reid,Glatter Becher-Schichtpilz,EN,D1,,"nährstoffarme Böschungen, zwischen Moosen"
Cystoderma superbum Huijsman,Weinroter Körnchenschirmling,VU,B1ab(iv),,
Cystoderma terrei (Berk. et Broome) Harmaja,Zinnoberbrauner Körnchenschirmling,VU,B1ab(iv),,
Cystolepiota moelleri Knudsen,Rötlicher Mehlschirmling,EN,B1ab(iv),,
Dacrymyces minor Peck,Kleinste Gallertträne,NT,,,
Dacryobolus sudans (Alb. et Schwein.: Fr.) Fr.,Tränender Stachelrindenpilz,VU,B1ab(iv),,
Daldinia occidentalis Child,Oestlicher Holzkohlenpilz,EN,D1,,nur aus den Südalpen bekannt
Dendrothele acerina (Pers.: Fr.) P.A. Lemke,Ahorn-Baumwarzenpilz,NT,,,Alte Ahorne
Dentipellis fragilis (Pers.: Fr.) Donk,Zahnhaut,EN,B1ab(iv),,
Dermoloma cuneifolium (Fr.: Fr.) Bon,Keilblättriger Samtritterling,VU,B1ab(iii),,
Dermoloma pseudocuneifolium Herink ex Bon,Gefeldeter Samtritterling,EN,"B1ab(ii,iii)",,
Dichomitus campestris (Quel.) Dom. et Orl.,Schwärzende Tramete,VU,B1ab(iv),,
Diplomitoporus flavescens (Bres.) Domanski,Gilbende Nadelholz-Tramete,EN,B1ab(iv),,
Discina leucoxantha Bres.,Dottergelbe Scheibenlorchel,EN,D1,,
Discina melaleuca Bres.,Schwarzweiße Scheibenlorchel,EN,D1,,
Discina parma Breitenbach et Maas-Geest.,Schildförmige Scheibenlorchel,EN,D1,,
Disciseda bovista (Klotzsch) P.Henn.,Großer Scheibenbovist,CR,A1ac,,Letzte Fundmeldung 1950
Disciseda candida (Schwein.) Lloyd,Kleiner Scheibenbovist,EN,"B2ab(iii,iv)+D1",,"Walliser Steppenrasen, offene sandige Stellen"
Encoelia fascicularis (Alb. et Schwein.: Fr.) Karst.,Schwarzbrauner Büschelbecherling,EN,D1,,
Entoloma alpicola (J. Favre) Noordel.,Alpiner Rötling,VU,D1,,"alpine Art, eher selten"
Entoloma aprile (Britzelm.) Sacc.,April-Rötling,VU,"B1ab(iii,iv)",,"Frühlingspilz, mit dem Ulmensterben abnehmend"
Entoloma asprellum (Fr.: Fr.) Fayod,Körniger Rötling,VU,"B1ab(iii,iv)",,auch alpin
Entoloma atrocoeruleum Noordel.,Schwarzblauer Rötling,VU,D1,,auch alpin
Entoloma atrosericeum (Kuehner) Noordel.,Schwarzseidiger Rötling,VU,D1,,alpine Art
Entoloma bloxamii (Berk. et Broome) Sacc.,Blauer Rötling,EN,"B2ab(ii,iii)",,in mageren Wiesen und Weiden
Entoloma caccabus (Kuehner) Noordel.,Genabelter Rötling,EN,D1,,
Entoloma carneogriseum (Berk. et Broome) Noordel.,Lilagrauer Rötling,EN,"B1ab(iii,iv)",,
Entoloma clandestinum (Fr.) Noordeloos,Dickblättriger Rötling,EN,"B1ab(ii,iii)",,
Entoloma corvinum (Kuehner) Noordel.,Schwarzblauer Rötling,VU,B1ab(iii),,
Entoloma cuspidiferum (Kuehner et Romagn.) Noordel.,Spitzhütiger Rötling,EN,"B1ab(iii,iv)",,Letzte Fundmeldung 1999
Entoloma dichroum (Pers.: Fr.) P. Kumm.,Blaustieliger Holzrötling,VU,D1,,
Entoloma dysthaloides Noordel.,Behaarter Rötling,VU,D1,,
Entoloma elodes (Fr.: Fr.) P. Kumm.,Heide-Rötling,VU,D1,,zerstreut
Entoloma exile (Fr.) Hesler,Schmächtiger Rötling,EN,"B1ab(ii,iii)",,
Entoloma favrei Noordel.,Favre’s Rötling,EN,D1,,"zerstreut, wenig neuere Funde"
Entoloma griseocyaneum (Fr.) M.M. Moser,Graublauer Rötling,VU,B1ab(iii),,auch alpin
Entoloma griseoluridum (Kuehner) M.M. Moser,Graubrauner Rötling,VU,D1,,
Entoloma griseorubidum (Kuehner) Noordel.,Graueroter Rötling,EN,"B1ab(ii,iii)",,
Entoloma infula (Fr.) Noordel.,Bischofsmützen-Glöckling,VU,D1,,zerstreut
Entoloma jubatum (Fr.) Karst.,Rußblättriger Rötling,VU,D1,,
"Entoloma lanicum (Romagn.) Moser, Noordel.",Wolliger Nabelrötling,VU,D1,,
Entoloma lepidissimum (Svrcek) Noordel.,Blauschuppiger Rötling,VU,D1,,
Entoloma lividocyanulum Kuehner ex Noordel.,Graublaustieliger Rötling,EN,"B1ab(ii,iii)",,
Entoloma majaloides P.D. Orton,Gelbbrauner Rötling,VU,D1,,
Entoloma minutum (P. Karst.) Noordel.,Bräunlicher Erlen-Rötling,EN,D1,,zerstreut in Auenwäldern und Magerrasen
Entoloma neglectum (Lasch: Fr.) Moser,Isabellfarbener Nabelrötling,EN,D1,,
Entoloma phaeocyathus Noordel.,Becher-Nabeling,EN,D1,,
Entoloma placidum (Fr.:Fr.) Noordel.,Buchenwald-Rötling,VU,D1,,
Entoloma plebejum (Kalchbr.) Noordel.,Filzig-faseriger Rötling,EN,B1ab(iv),,
Entoloma porphyrophaeum (Fr.) P. Karst.,Porphyrbrauner Rötling,EN,B2ab(iii),,
Entoloma prunuloides (Fr.: Fr.) Quel.,Mehl-Rötling,VU,"B1ab(iii,iv)",,
Entoloma pseudocoelestinum Arnolds,Faserschuppiger Rötling,VU,D1,,
Entoloma pseudoturbidum (Romagn.) M.M. Moser,Sepiabrauner Rötling,VU,B1ab(iv),,"im ganzen Mittelland vertreten, jn den letzten 5 Jahren stark abnehmend"
Entoloma rhodocylix (Lasch: Fr.) M.M. Moser,Becher-Rötling,VU,D1,,
Entoloma roseum (Longyear) Hesler,Rosafarbiger Rötling,CR,D1,,
Entoloma saepium (Noulet et Dassier) Richon et Roze,Blaßbrauner Schlehen-Rötling,VU,"B1ab(iii,iv)",,"Frühlingspilz, Gebüsch"
Entoloma saundersii (Fr.) Sacc.,Silbergrauer Rötling,VU,D1,,Frühjahrspilz
Entoloma scabiosum (Fr.) Quel.,Grindiger Rötling,VU,D1,,
Entoloma sericatum (Britzelm.) Sacc.,Seidenhütiger Rötling,VU,D1,,
Entoloma sordidulum (Kuehner et Romagn.) P.D. Orton,Horngrauer Mehl-Rötling,VU,D1,,
Entoloma sphagnorum (Romagn. et J. Favre) Noordel.,Sumpf-Rötling,EN,D1,,
Entoloma strigosissimum (Rea) Noordel. 1979,Rothaariger Rötling,NT,,,
Entoloma tjallingiorum Noordel.,Tjallingis Rötling,VU,D1,,
Entoloma turci (Bres.) M.M. Moser,Breitstieliger Rötling,EN,"B1ab(ii,iii)",,
Entoloma versatile (Fr.) M.M. Moser,Olivbrauner Rötling,VU,D1,,
Entoloma vinaceum (Scop.) Arnolds et Noordel.,Weinroter Rötling,EN,D1,,
Entoloma xanthochroum (P.D. Orton) Noordel.,Gelblicher Rötling,VU,D1,,auch subalpin
Erythricium laetum (P. Karst.) J. Erikss. et Hjortstam,Leuchtender Rosarindenpilz,VU,B1ab(iv)+B2ab(iv)+D1,,
Exidia cartilaginea S. Lundell et Neuhoff,Knorpeliger Drüsling,CR,A2a,,Letzte Fundmeldung 1984
Exobasidium karstenii Sacc. et Trotter,Rosmarinheide-Nacktbasidie,EN,"B1ab(iii,iv)",,bereits Substratpflanze VU!
Exobasidium pachysporum Nannf.,Dicksporige Rauschbeernacktbasidie,EN,"B1ab(iii,iv)",,Letzte Fundmeldung 1998
Exobasidium rostrupii Nannf.,Rotfleckiger Moosbeernacktbasidie,NT,,,
Exobasidium vacciniiuliginosi Boud.,Rauschbeer-Nacktbasidie,VU,D1,,
Faerberia carbonaria (Alb. et Schwein.) Pouzar,Kohlenleistling,NT,,,Brandstellenpilz
Fibrodontia gossypina Parmasto,,NT,,,letzte Fundmeldung 1993
Fibroporia vaillantii (DC.: Fr.) Parmasto,,EN,A3a,,Letzte Fundmeldung 1991
Flammulaster carpophilus (Fr.) Earle,Fleischfarbiger Flockenschüppling,VU,B1ab(iv),,
Flammulaster ferrugineus (Maire ex Kuehner) Watling,Rostbrauner Flockenschüppling,EN,D1,,
Flammulaster granulosus (J.E. Lange) Watling,Körniger Flockenschüppling,EN,B2ab(iv),,
Flammulaster limulatus (Weinm.:Fr.) Watling,Orangebrauner Flockenschüppling,VU,D2,,
Flammulaster muricatus (Fr.) Watling,Grobwarziger Flockenschüppling,VU,D2,,
Flammulina fennae Bas,Fennas Samtfüssrübling,VU,D1,,"sandiger Boden, Auenwald, an Weiden und Birken"
Floccularia straminea (P. Kumm.) Pouzar,Schwefelgelber Schuppenritterling,CR,A1ac,,"Graslandart, letzte Fundmeldung 1975"
Fomitopsis rosea (Alb. et Schwein.: Fr.) P. Karst.,Rosenroter Baumschwamm,NT,,,
Galerina cinctula P.D. Orton,Gürtel-Helmling,EN,D1,,
Galerina jaapii A.H. Sm. et Singer,Beringter Häubling,EN,D1,,
Galerina pseudomniophila Kuehner,Schokoladenbrauner Häubling,EN,D1,,
Galerina pseudotundrae Kuehner,Kompakter Häubling,VU,D1,,alpine Art
Galerina salicicola P.D. Orton,Weiden-Häubling,EN,D1,,
Galerina sphagnorum (Pers.:Fr.) Kuehner,Sumpf-Häubling,NT,,,in Hochmooren
Galerina tibiicystis (G.F. Atk.) Kuehner,Bereifter Häubling,NT,,,in Hochmooren
Galzinia incrustans (Hoehn. et Litsch.) Parmasto,Krustiger Galzin-Pilz,VU,D1,,
Ganoderma resinaceum Boud.,Harziger Lackporling,VU,B1ab(iv),,
Ganoderma valesiacum Boud.,Walliser Lackporling,EN,D1,,
Gastrosporium simplex Matt.,Steppentrüffel,CR,"B1ab(ii,iii)+D1",,Xerotherme Standorte
Gautieria mexicana (Fischer) Zeller et Dodge,Kleinkammerige Morcheltrüffel,CR,A1ac,,Letzte Fundmeldung 1975
Geastrum coronatum Pers.: Pers.,Dunkler Erdstern,CR,A4a,,Letzte Fundmeldung 1956
Geastrum melanocephalum (Czern.) V.J. Stanek,"Riesen-Erdstern, Haarstern",EN,"B1ab(ii,iii)",,
Geastrum nanum Pers.,Zwerg-Erdstern,EN,D1,,
Geastrum striatum DC.: Pers.,Kragen-Erdstern,NT,,,wärmere Lagen
Geoglossum cookeianum Nannfeld,Trockene Erdzunge,EN,"B1ab(ii,iii)",,
Geoglossum glutinosum Pers.: Fr.,Klebrigschwarze Erdzunge,VU,D1,,Feuchtwiesen
Geopyxis foetida Velen.,Stinkender Kohlenbecherling,VU,D1,,
Gerronema brevibasidiatum (Singer) Singer,Papillen-Nabeltrichterchen,CR,A2ac,,Letzte Fundmeldung 1950
Gerronema josserandii Singer,Exzentrischer Trichterling,EN,"B1ab(ii,iii)",,"magere, saure Böden, Grasland, nur aus dem Tessin bekannt"
Gerronema marchantiae Singer et Clemencon,Lebermoos-Nabeltrichterchen,VU,D2,,
Gerronema prescotii (Weinm.) Redhead,Bräundendes Nabeltrichterchen,VU,"B1ab(iii,iv)",,
Gerronema strombodes (Berk. et Mont.) Singer,Gelbblättriger Holz-Nabeling,VU,D2,,
Gloeocystidiellum lactescens (Berk.) Boidin,Milchender Saftzystidling,VU,D1,,seltene Art
Gloeocystidiellum ochraceum (Fr.:Fr.) Donk,ockerfarbener Saftzystidling,VU,D1,,seltene Art
Gloeoporus dichrous (Fr.: Fr.) Bres.,Zweifarbiger Knorpelporling,VU,B1ab(iv),,
Gomphidius gracilis Berk. et Broome,Rotbrauner Schmierling,NT,,,Bei Lärchen
Gomphidius roseus (L.) Fr.,Rosenroter Schmierling,VU,B1ab(iii),,
Guepiniopsis buccina (Pers.: Fr.) L.L. Kenn.,Becherförmiger Haargellertpilz,VU,D1,,Genferbecken und Südschweiz
Gymnopilus flavus (Bres.) Singer,Blaßgelber Fälbling,EN,"B1ab(ii,iii)",,
Gymnopilus odini (Fr.) Kuehner et Romagn.,Kohlen-Fälbling,EN,D1,,Auch auf Brandstellen
Gymnopilus picreus (Pers.: Fr.) P. Karst.,Rotbrauner Flämmling,EN,D1,,
Gymnopilus stabilis (Weinm.) Kuehner et Romagn.,Weißbeschleierter Flämmling,EN,D1,,
Gymnopilus subsphaerosporus (Joss.) Kuehner et Romagn.,Kugelsporiger Flämmling,VU,D2,,Morsches Nadelholz
Gyromitra accumbens (Rahm) Harmaja,Anliegende Scheibenlorchel,VU,D1,,
Gyroporus castaneus (Bull.: Fr.) Quel.,"Hasenröhrling, Zimtröhrling",VU,B1ab(iii),,
Haasiella venustissima (Fr.) Kotl. et Pouzar,Orangeroter Goldnabeling,EN,D1,,
Hebeloma claviceps (Fr.) P. Kumm. ss. Ricken,Krempenrandiger Fälbling,EN,B2ab(iv),,Taxonomie wohl etwas unklar
Hebeloma fastibile (Pers.: Fr.) P. Kumm. ss. J.E. Lange,Büscheliger Fälbling,VU,"B1ab(iii,iv)",,
Hebeloma helodes J. Favre,Sumpffälbling,VU,D1,,
Hebeloma minus Bruchet,Freudiger Fälbling,VU,D1,,alpine Art
Hebeloma perpallidum M.M. Moser,,VU,D1,,
Hebeloma pumilum J.E. Lange,Zwerg-Fälbling,VU,D1,,
Hebeloma remyi Bruchet,Unbekannter Fälbling,VU,D1,,"subalpine Art, wenig bekannt"
Hebeloma sinuosum (Fr.) Quel.,Stolzer Fälbling,VU,D1,,
Hebeloma strophosum (Fr.) Sacc.,Flämmlings-Fälbling,VU,"B1ab(iii,iv)",,
Hebeloma syrjense P. Karst.,Seifen-Fälbling,VU,D1,,
Hebeloma tomentosum (M.M. Moser) Groeger et Zschieschang,Feinfilziger Fälbling,VU,D1,,
Hebeloma versipelle (Fr.) Gillet ssVU. Romagn.,Flämmlings-Fälbling,VU,D1,,
Helvella dissingii Korf,Dissing`s Lorchel,VU,B1ab(iv),,
Helvella phlebophora Pat. et Doass.,Rillstielige Lorchel,EN,B1ab(iv),,unter Laubbäumen
Helvella queletii Bres.,Rippenstielige Becherlorchel,VU,"B1ab(ii,iv)",,
Hemimycena crispata (Kuehner) Singer,Breitsporiger Scheinhelmling,VU,D1,,
Hemimycena mairei (E.J. Gilbert) Singer,Rasen-Scheinhelmling,EN,"B1ab(ii,iii)",,
Hemimycena ochrogaleata (J. Favre) M.M. Moser,Ockerhütiger Scheinhelmling,VU,D1,,An Cirsium spinosissimum
"Hericium coralloides (Scop.: Fr.) Gray em. Fr., Hallen.",Ästiger Stachelbart,VU,"B1ab(iii,iv)",,An grobem Laubholz
Hericium erinaceum (Bull.: Fr.) Pers.,Igel-Stachelbart,EN,"B1ab(ii,iv)+D1",,
Hohenbuehelia auriscalpium (Maire) Singer,Ohrlöffel-Muscheling,VU,D1,,Bis vor kurzem schlecht dokumentierte Art
Hohenbuehelia grisea (Peck) Singer,Grauer Muscheling,VU,D2,,
Hohenbuehelia longipes (Boud.) M.M. Moser,Moor-Muscheling,CR,D1,,"Moore, Sümpfe"
Hohenbuehelia mastrucata (Fr.: Fr.) Singer,Gelatinöser Muscheling,EN,B1ab(iv)+D1,,fehlt in der Westschweiz
Hohenbuehelia petaloides (Bull.: Fr.) Schulzer,Spatelförmiger Muscheling,NT,,,
Hyaloscypha leuconica (Cke) Nannf.,Weißhaariges Nadelholzbecherchen,NT,,,
Hydnellum auratile (Britzelm.) Maas-Geest.,Orangebrauner Korkstacheling,EN,"B1ab(iii,iv)+B2ab(ii)",,
Hydnellum compactum (Pers.: Fr.) P. Karst.,Derber Korkstacheling,EN,"B1ab(iii,iv)",,Letzte Fundmeldung 1987
Hydnellum geogenium (Fr.) Banker,Gelber Korkstacheling,EN,D1,,in Süddeutschland verschollen seit 1969
Hydnellum spongiosipes (Peck) Pouzar,Samtiger Korkstacheling,VU,D1,,
Hydnocystis piligera Tul.,Behaartes Hohltrüffelchen,VU,D1,,
Hydnum albidum Peck,Weißer Stoppelpilz,EN,"B1ab(iii,iv)+B2ab(iii)",,
Hydropus atramentosus (Kalchbr.) Kotl. et Pouzar,Schwärzender Wasserfuß,EN,D1,,an morschem Nadelholz
Hydropus scabripes (Murrill) Singer,Knorpelstieliger Wasserfuss,VU,D1,,
Hygrocybe calciphila Arnolds,Schmutziger Filz-Saftling,VU,"B1ab(ii,iii)",,Grasland
Hygrocybe calyptriformis (Berk. et Broome) Fayod,Rosenroter Saftling,CR,C1+C2a(i),§CH,Grasland
Hygrocybe ceracea (Wulfen: Fr.) P. Kumm.,Zerbrechlicher Saftling,VU,B1ab(iii),,Grasland
Hygrocybe citrinovirens (J.E. Lange) Jul. Schaeff.,Kleinhütiger Saftling,NT,,,"Grasland, moosig, feucht"
Hygrocybe coccineocrenata (P.D. Orton) M.M. Moser,Torfmoos-Saftling,EN,C1+C2a(i),,sumpfige Standorte mit Sphagnum und Molinia
Hygrocybe conicopalustris R. Haller,Kegeliger Sumpf-Saftling,NT,,,"Grasland, sumpfig"
Hygrocybe fornicata (Fr.) Singer,Blaßrandiger Saftling,VU,"B1ab(iii,iv)",,Grasland
Hygrocybe helobia (Arnolds) Bon,Gelbblättriger Filz-Saftling,VU,B1ab(iii),,"sumpfige Standorte, Moore"
Hygrocybe ingrata J.L. Jensen et F.H. Moeller,Rötender Nitrat-Saftling,EN,"B1ab(iii,iv)",,Grasland
Hygrocybe insipida (J.E. Lange ex S. Lundell) M.M. Moser,Gelbrandiger Saftling,EN,"B1ab(ii,iii)",,Grasland
Hygrocybe intermedia (Pass.) Fayod,Trockener Saftling,NT,,,Grasland
Hygrocybe konradii R. Haller,Chromgelber Saftling,VU,"B1ab(ii,iii,iv)",,Grasland
Hygrocybe laeta (Pers.: Fr.) P. Kumm.,Zäher Saftling,VU,"B1ab(ii,iii)",,Grasland
Hygrocybe miniata (Fr.) P. Kumm.,Mennigroter Filz-Saftling,NT,,,Grasland
Hygrocybe mucronella (Fr.) P. Karst.,Bitterer Saftling,EN,B1ab(iv),,Grasland
Hygrocybe nitrata (Pers.: Fr.) Wuensche,Nichtrötender Nitrat-Saftling,VU,"B1ab(iii,iv)",,Grasland
Hygrocybe obrussea (Fr.: Fr.) Wuensche,Gebuckelter Saftling,VU,"B1ab(ii,iii,iv)+C1",,Grasland
Hygrocybe ovina (Bull.: Fr.) Kuehner,Olivschwarzer Saftling,VU,"B1ab(iii,iv)",,Grasland
Hygrocybe parvula (Peck) Murrill,Schmächtiger Saftling,EN,"B1ab(ii,iii)",,Grasland
Hygrocybe persistens (Britzelm.) Singer,Spitzgebuckelter Saftling,NT,,,Grasland
Hygrocybe punicea (Fr.) P. Kumm.,Granatroter Saftling,VU,"B1ab(ii,iii,iv)",,Grasland
Hygrocybe reidii Kuehner,Honig-Saftling,VU,"B1ab(ii,iii)",,Grasland
Hygrocybe spadicea (Scop.: Fr.) P. Karst.,Schwarzgelber Schleim-Saftling,EN,D2,,Grasland
Hygrocybe subglobispora (P.D. Orton) M.M. Moser,Blaßblättriger Sommer-Saftling,EN,"B1ab(ii,iii)",,Grasland
Hygrophorus arbustivus (Fr.) Fr.,Mehlstiel-Schneckling,VU,"B1ab(iii,iv)",,
Hygrophorus atramentosus (Secr.) Haas et R. Haller,Schwarzfaseriger Schneckling,VU,D1,,
Hygrophorus calophyllus P. Karst.,Schönblättriger Schneckling,EN,B1ab(iv),,
Hygrophorus hedrychii Val.,Birken-Schneckling,VU,B1ab(iii),,
Hygrophorus latitabundus Britzelm.,Großer Kiefern-Schneckling,VU,B1ab(iii),,unter Föhren in Trockenrasen
Hygrophorus leporinus Fr.,Hasen-Schneckling,CR,B1ab(iii)+D1,,
Hygrophorus leucophaeus (Scop.:Fr.) Fr.,Seidiggerandeter Schneckling,VU,"B1ab(iii,iv)",,
Hygrophorus ligatus Fr.,Schleimigberingter Schneckling,VU,B1ab(iii),,unter Föhren in Trockenrasen
Hygrophorus lindtneri M.M. Moser,Hellrandiger Schneckling,VU,B1ab(iii),,
Hygrophorus marzuolus (Fr.) Bres.,März-Schneckling,NT,,,
Hygrophorus mesotephrus Berk. et Broome,Olivgrauer Schneckling,VU,"B1ab(iii,iv)",,
Hygrophorus persicolor Ricek,Flamingo-Schneckling,VU,D1,,Funde aus der Westschweiz fehlen
Hygrophorus pleurotoides J. Favre,Seitenstieliger Schneckling,CR,D1,,Pilz der subalpinen Stufe
Hygrophorus poetarum Heim,Isabellrötlicher Schneckling,VU,B1ab(iii)+2ab(iii),,
Hygrophorus purpurascens (Alb. et Schwein.: Fr.) Fr.,Beschleierter Schneckling,EN,B1ab(iv),,
Hygrophorus russula (Schaeff.: Fr.) Quel.,Geflecktblättriger Purpurschneckling,VU,B1ab(iii),,
Hygrophorus spodoleucus M.M. Moser,Fälblings-Schneckling,CR,D1,,
Hymenochaete cruenta (Pers.: Fr.) Donk,Blutrote Borstenscheibe,VU,"B1ab(iii,iv)",,"An Tannenästern, Aerophyt"
Hymenochaete tabacina (Sowerby: Fr.) Lev.,Tabakbraune Borstenscheibe,VU,B1ab(iv),,
Hymenogaster vulgaris Tul.ap.Berk. et Broome,Rissige Erdnuß,CR,A4a,,Letzte Fundmeldung 1976
Hymenoscyphus albidus (Rob. ex Desm.) Phill.,Weißes Stengelbecherchen,VU,D1,,an Petiolen
Hymenoscyphus equisetinus (Velen.) Dennis,Schachtelhalm-Stengelbecher,VU,D1,,Fühlingsart
Hymenoscyphus imberbis (Bull.: Fr.) Dennis,Bartloses Stielbecherchen,VU,D1,,
Hymenoscyphus immutabilis (Fuckel) Dennis,Wohlgestaltiger Stengelbecherling,NT,,,
Hymenoscyphus rhodoleucus (Fr.:Fr.) Phill.,Rosaweißer Stengelbecherling,VU,D1,,
Hyphoderma capitatum J. Erikss. et A. Strid,Kopfzystiden-Rindenpilz,VU,D1,,
Hyphoderma roseocremeum (Bres.) Donk,Rosafleckiger Rindenpilz,VU,D2,,
Hyphoderma transiens (Bres.) Parmasto,Veränderlicher Rindenpilz,EN,B1ab(iv),,nur aus den Südalpen
Hyphodermella corrugata (Fr.) J. Erikss. et Ryvarden,Runzelig-höckeriger Rindenpilz,VU,B1ab(iv),,
Hyphodontia abieticola (Bourdot et Galzin) J. Erikss.,Zähnchenrindenpilz,VU,D1,,
Hyphodontia cineracea (Bourdot et Galzin) J. Erikss. et Hjortstam,Aschgrauer Zähnchenrindenpilz,NT,,,
Hyphodontia quercina (Pers.: Fr.) J. Erikss.,Eichen-Stachelhaut,VU,D1,,
Hyphodontia rimosissima (Peck) Gilberts,Feinwarziger Zähnchenrindenpilz,NT,,,Übersehen?
Hyphodontia spathulata (Schrad.: Fr.) Parmasto,Abgeplattetstachliger Zähnchenrindenpilz,VU,D1,,
Hyphodontia subalutacea (P. Karst.) J. Erikss.,Alutaceaähnlicher Zähnchenrindenpilz,NT,,,
Hypholoma ericaeoides P.D. Orton,Geriefter Schwefelkopf,EN,B1ab(iii),,
Hypholoma laeticolor (F.H. Moeller) P.D. Orton,Freudiger Schwefelkopf,EN,B1ab(iii),,
Hypholoma polytrichi (Fr.: Fr.) Ricken,Moos-Schwefelkopf,VU,"B1ab(iii,iv)",,
Hypochnicium bombycinum (Sommerf.: Fr.) J. Erikss.,Seidiger Membranrindenpilz,NT,,,
Hypochnicium detriticum (Bourdot et Galzin) J. Erikss. et Ryvarden,Pflanzenrestenbewohnender Membranrindenpilz,VU,D1,,
Hypochnicium vellereum (Ellis et Cragin) Parmasto,Chlamydospor- Membranrindenpilz,NT,,,vor allem im Tessin
Hypocreopsis lichenoides (Tode: Fr.) Seaver,Weiden-Scheinflechtenpilz,EN,D1,,Moorweidengebüsch
Hypoxylon howeianum Peck,Zimtbraune Kohlenbeere,EN,D2,,
Hypoxylon serpens (Pers.:Fr.) Fr.,Gewundene Kohlenbeere,EN,B1ab(iv)+D1,,
Hypsizygus ulmarius (Bull.: Fr.) Redhead,Ulmen-Rasling,EN,B1ab(iii),,"Ulmensterben reduziert die kleine Population, urban!"
Hysterangium separabile Zeller,Gelbe Schwanztrüffel,CR,D1,,
Inocybe agardhii (N. Lund.) P.D. Orton,Feinschuppiger Rißpilz,EN,D1,,"sandige Orte, Spezialstandorte"
Inocybe albovelutipes Stangl,Hellsamtiger Risspilz,EN,D1,,
Inocybe alnea Stangl,Erlen-Risspilz,EN,D1,,
Inocybe amblyspora Kuehner,Stumpfsporiger Risspilz,EN,D1,,
Inocybe auricoma (Batsch) J.E. Lange,Kittfarbener Rißpilz,EN,D1,,
Inocybe bresadolae Massee,Rötlichfuchsiger Risspilz,VU,"Bab(iii,iv)",,"Auenwald, eher wärmere Lagen"
Inocybe calospora Quel.,Schönsporiger Rißpilz,VU,D1,,
Inocybe concinnula J. Favre,Zwergweiden-Risspilz,VU,D2,,alpine Stufe
Inocybe curvipes P. Karst.,Dickfüßiger Rißpilz,VU,"B1ab(iii,iv)",,feuchte Standorte
Inocybe decipiens Bres.,Graubrauner Rißpilz,EN,D1,,
Inocybe dunensis P.D. Orton,Dünen-Risspilz,EN,D1,,
Inocybe flavella P. Karst.,Weissscheiteliger Risspilz,EN,D1,,
Inocybe frigidula J. Favre,Kältevertragender Risspilz,VU,D2,,alpine Stufe
Inocybe geraniodora J. Favre,Geranien-Risspilz,EN,D1,,primär alpine Art
Inocybe griseovelata Kuehner,Graubeschleierter Rißpilz,EN,D1,,
Inocybe gymnocarpa Kuehner,Rotschuppiger Rißpilz,NT,,,
Inocybe hirtelloides Stangl et Veselsky,Falscher Bittermandel-Risspilz,EN,D1,,.
Inocybe humilis J. Favre,Kleinwüchsiger Risspilz,CR,A4a,,Letzte Fundmeldung 1950
Inocybe hygrophorus Kuehner,Schnecklings-Risspilz,CR,D1,,
Inocybe hystrix (Fr.) P. Karst.,Sparriger Rißpilz,VU,"B1ab(iii,iv)",,
Inocybe inodora Velen.,Geruchloser Risspilz,NT,,,
Inocybe leptocystis G.F. Atk.,Dunnwandzystiden-Risspilz,EN,D1,,
Inocybe luteipes J. Favre,Leuchtstiel-Risspilz,VU,D2,,"alpine Art,selten"
Inocybe maculipes J. Favre,Silberwurz-Risspilz,VU,D1,,sehr wenig rezente Funde
Inocybe margaritispora (Berk. ap.Cooke) Sacc.,Graubeigeblättriger Risspilz,VU,B1ab(iii),,
Inocybe melanopus D.E. Stuntz,Braungestiefelter Rißpilz,EN,D1,,
Inocybe monochroa J. Favre,Einfarbiger Risspilz,VU,D2,,
Inocybe mundula (J. Favre) Senn-Irlet,Zierlicher Risspilz,VU,D2,,
Inocybe oblectabilis (Britzelm.) Sacc.,Ansehnlicher Risspilz,VU,B1ab(iii),,
Inocybe ovatocystis Boursier et Kuehner,Rundzystiden-Risspilz,VU,"B1ab(iii,iv)",,warum nicht im Mittelland?
Inocybe paludinella (Peck) Sacc.,Gelblichweißer Rißpilz,NT,,,
Inocybe perlata (Cooke) Sacc.,Breithütiger Risspilz,VU,D2,,
Inocybe proximella P. Karst.,Haselbrauner Risspilz,EN,D1,,Moore
Inocybe pseudohiulca Kuehner,Falscher Höckerspor-Risspilz,VU,D1,,
Inocybe relicina Fr.,Gelbblättriger Risspilz,CR,A4a,,Letzte Fundmeldung 1940
Inocybe rhacodes J. Favre,Fransiger Risspilz,EN,D1,,
Inocybe salicis Kuehner,Weiden-Rißpilz,EN,D1,,
Inocybe sambucina (Fr.) Quel.,Fliederweißer Rißpilz,EN,D1,,sandige Standorte
Inocybe squamata J.E. Lange,Dunkelschuppiger Rißpilz,VU,D1,,
Inocybe strigiceps Horak 1979,Pygmäen-Risspilz,VU,D2,,
Inocybe tabacina Furrer-Ziogas,Auwald-Risspilz,EN,D1,,
Inocybe tenebrosa Quel.,Schwarzfüßiger Rißpilz,EN,D1,,
Inocybe tricolor Kuehner,Dreifarbiger Risspilz,EN,D1,,
Inocybe umbratica Quel.,Weißlicher Rißpilz,NT,,,
Inocybe vulpinella Bruyl.,Fuchsigbrauner Rißpilz,NT,,,sandige Alluvionen
Inocybe xanthomelas Kuehner et Boursier,Dunkelstieliger Risspilz,EN,D1,,
Inonotus cuticularis (Bull.: Fr.) P. Karst.,Flacher Schillerporling,EN,B1ab(iv),,
Inonotus dryadeus (Pers.: Fr.) Murrill,Tropfender Schillerporling,NT,,,
Inonotus obliquus (Pers.:Fr.) Pilat,Schiefer Schillerporling,VU,B1ab(iv),,Rückgang real?
Inonotus rheades (Pers.) P. Karst.,Fuchsroter Schillerporling,EN,B1ab(iv),,
Ionomidotis fulvotingens (Berk. et M.A. Curtis) Cash,Braunschwarzer Rindenbecher,NT,,,
Ischnoderma resinosum (Fr.) P. Karst.,Laubholz-Harzporling,EN,B1ab(iv),,
Ischnoderma trogii (Fr.) Donk,Gestielter Harzporling,VU,B1ab(iv),,
Jahnoporus hirtus (Cooke) Nuss,Rauher Schafporling,EN,D1,,
Laccaria tortilis (Bolton) Cooke,Stachelsporiger Lacktrichterling,NT,,,
Lachnum nudipes (Fuckel) Nannf.,Nacktstieliges Haarbecherchen,VU,D1,,
Lachnum pygmaeum (Fr.) Bres.,Zwerg-Haarbecherchen,VU,D1,,
Lachnum rhytismatis (Phill.) Nannf.,Weißes Blatthaarbecherchen,NT,,,
Lacrymaria pyrotricha (Holmsk.),Feuerfarbener Saumpilz,VU,D1,,"nährstoffreiche, ruderale Standorte"
Lactarius acerrimus Britzelm.,Queraderiger Milchling,VU,B1ab(iii),,
Lactarius aspideus (Fr.: Fr.) Fr.,Schild-Milchling,EN,B1ab(iii),,sumpfige Orte
Lactarius azonites (Bull.) Fr.,Rauchfarbener Milchling,VU,B1ab(iii),,
Lactarius bertillonii (Neuhoff ex Z.Schaef.) Bon,Scharfmilchender Wollschwamm,EN,D1,,
Lactarius citriolens Pouzar,Fransen-Milchling,VU,B1ab(iii),,
Lactarius controversus Pers.:Fr.,Rosascheckiger Milchling,VU,D1,,In Pappelforsten
Lactarius dryadophilus Kuehner,Silberwurz-Milchling,EN,D1,,"alpine Art, kalkreiche Böden"
Lactarius fascinans Fr.,Verhexter Milchling,CR,A4ac,,keine Funde seit 1988
Lactarius flavidus Boud.,Hellgelber Violett-Milchling,VU,B1ab(iii),,
Lactarius flexuosus (Pers.:Fr.) Gray,Verbogener Milchling,VU,B1ab(iii),,
Lactarius glaucescens Crossl.,Grünender Pfeffermilchling,VU,B1ab(iii),,
Lactarius helvus (Fr.: Fr.) Fr.,"Bruchreizker, Maggipilz",VU,B1ab(iv),,In Mooren
Lactarius hepaticus Plowr.,Leberbrauner Milchling,VU,B2ab(iii),,"saure, nährstoffarme Böden"
Lactarius hysginus (Fr.: Fr.) Fr.,Kuhroter Milchling,VU,D1,,
Lactarius luteolus Peck,Weisser Milchbrätling,CR,A4ac,,"nur in Tessin gefunden, letzte Fundmeldung 1980"
Lactarius mairei Malencon,Braunzottiger Milchling,EN,B1ab(iii)+D1,,
Lactarius mammosus Fr.,Dunkler Duftmilchling,VU,B1ab(iii),,
Lactarius musteus Fr.,Heide-Milchling,EN,D1,,
Lactarius omphaliformis Romagn.,Moos-Milchling,VU,B1ab(iv),,In Schwarzerlenbruchwäldern
Lactarius quieticolor Romagn.,Brauner Kiefernblutreizker,EN,B1ab(iii)+D2,,
Lactarius repraesentaneus Britzelm.,Violettmilchender Zottenreizker,VU,"B1ab(iii,iv)",,
Lactarius resimus (Fr.: Fr.) Fr.,Wimpern-Milchling,EN,D1,,
Lactarius romagnesii Bon,Schwarzbrauner Milchling,VU,B1ab(iii),,
Lactarius rostratus Heilmann-Clausen,Runzeliger Zwergmilchling,VU,B2ab(iii),,
Lactarius ruginosus Romagn.,Weitblättriger Korallen-Milchling,NT,,,
Lactarius salicis-herbaceae Kuehner,Weiden-Mlchling,VU,D1,,alpine Art
Lactarius salicis-reticulatae Kuehner,Netzweiden-Milchling,EN,D1,,alpine Art
Lactarius sanguifluus (Paulet) Fr.,Weinroter Kiefern-Blutreizker,NT,,,
Lactarius scoticus Berk. et Broome,Flaumiger Moor-Milchling,VU,D1,,Möglicherweise mit L. pubescens verwechselt
Lactarius semisanguifluus R. Heim et Lecl.,Spangrüner Kiefernreizker,NT,,,Jura-Art
Lactarius serifluus (DC.: Fr.) Fr.,Wäßriger Milchling,VU,B1ab(iii),,
Lactarius spinosulus Quel.,Schüppchen-Milchling,EN,D1,,
Lactarius subumbonatus Lindgr.,Wäßriger Milchling,EN,B1ab(iii),,
Laricifomes officinalis (Vill.:Fr.) Kotl.et Pouzar,Lärchen-Baumschwamm,VU,B1ab(iv),§CH,An Lärchen
Leccinum duriusculum (Schulzer) Singer,Harter Pappel-Rauhfuß,VU,"B1ab(iii,iv)+B2ab(iv)+D1",,
Leccinum holopus (Rostk.) Watling,Moor-Birkenpilz,VU,"B1ab(iii,iv)+B2ab(iii)",,
Leccinum melaneum (Smotl.) Pilat et Derm.,Schwarzbrauner Birkenpilz,NT,,,
Leccinum molle (Bon) Bon,Schwammiger Rauhstielröhrling,VU,D1,,
Leccinum piceinum Pilat et Dermek,Fichten-Rotkappe,EN,D1,,
Leccinum quercinum Pilat,Eichen-Rotkappe,VU,"B1ab(iii,iv)+B2ab(iii)",,
Leccinum roseofractum Watling,Zigarrenbrauner Rauhstielröhrling,NT,,,
Leccinum tessulatum (O.Kuntze) Rauschert,Gelber Rauhfuß,VU,"B1ab(iii,iv)+D1",,
Leccinum versipelle (Fr.) Snell,Heide-Rotkappe,NT,,,
Leccinum vulpinum Watling,Kiefern-Rotkappe,EN,B1ab(iii),,
Lentinus cyathiformis (Schaeff.) Bres.,Becherförmiger Sägeblättling,EN,D1,,
Lenzites warnieri Durieu et Mont. In Mont.,Verkahlender Blättling,EN,D1,,
Lepiota alba (Bres.) Sacc.,Weißer Schirmling,VU,B1ab(iv),,
Lepiota echinacea J.E. Lange,Igel-Schirmling,VU,B1ab(iv)+C1,,
Lepiota fuscovinacea J.E. Lange et F.H. Moeller,Purpurbrauner Schirmling,NT,,,
Lepiota grangei (Eyre) J.E. Lange,Grünschuppiger Schirmling,NT,,,
Lepiota griseovirens Maire,Graugrüner Schirmpilz,VU,D2,,
Lepiota hystrix F.H. Moeller et J.E. Lange,Kegelschuppiger Schirmling,VU,B1ab(iv),,
Lepiota ignicolor Bres.,Feuerfarbener Schirmpilz,EN,D1,,
Lepiota lilacea Bres.,Lila Schirmpilz,EN,B1ab(iv),,
Lepiota ochraceofulva P.D. Orton,Ockerbrauner Schirmpilz,VU,D2,,
Lepiota parvannulata (Lasch) Gillet,Kleinberingter Schirmling,EN,"B1ab(ii,iii,iv)",,
Lepiota pseudoasperula (Knudsen) Knudsen,Kleinster Stachelschirmling,EN,B1ab(iv)+D1,,
Lepiota pseudofelina J.E. Lange,Falscher Schwarzschuppen-Schirmling,EN,B1ab(iv)+D1,,
Lepiota subalba Kuehner ex P.D. Orton,Fastweisser Schirmpilz,VU,B1ab(iv),,
Lepiota tomentella J.E. Lange,Schwachfilziger Schirmling,EN,D1,,
Lepista caespitosa (Bres.) Singer,Büscheliger Rötelritterling,VU,B1ab(iv),,
Lepista densifolia (J. Favre) Singer et Clemencon,Dichtblättriger Rötelritterling,VU,D1,,periodisches Auftreten
Lepista ricekii Bon,Scharfer Rötelritterling,VU,"B1ab(iii,iv)",,
Lepista rickenii Singer,Marmorierter Rötelritterling,VU,"B1ab(iii,iv)+B2ab(ii)",,
Leptoporus mollis (Pers.: Fr.) Pilat,Rötender Saftporling,VU,B1ab(iv),,
Leptosporomyces mutabilis (Bres.) L.G. Krieglst.,Veränderliche Gewebehaut,NT,,,wieso diese Abnahme?
Leucoagaricus badhamii (Berk. et Broome) Singer,Anlaufender Egerlingsschirmpilz,EN,D1,,
Leucoagaricus bresadolae (Schulzer) Bon,Rötender Egerlingsschirmpilz,VU,D1,,
Leucoagaricus pulverulentus (Huijsm.) Moser,Pulveriger Schirmpilz,EN,B1ab(iv),,
Leucoagaricus wichanskyi (Pilat) Singer,Robuster Egerlingsschirmpilz,VU,D2,,im Tessin
Leucopaxillus macrocephalus (Schulz.) Bohus,Grosser Krempentrichterling,CR,D1,,an xerothermen Standorten
Leucopaxillus mirabilis (Bres.) M.M. Moser,Schöner Krempentrichterling,VU,B1ab(iv)+C2a(i),,
Leucopaxillus pinicola J. Favre,Kiefern-Krempentrichterling,CR,A2a,,
Leucopaxillus rhodoleucus (Romell) Kuehner,Lachsblättriger Krempentrichterling,EN,D1,,
Limacella delicata (Fr.) Earle ex H. V. Smith,Zarter Schleimschirmling,EN,D1,,
Limacella vinosorubescens Furrer-Ziogas,Weinroter Schleimschirmling,VU,B1ab(iv),,
Litschauerella clematidis (Bourdot et Galzin) J. Erikss. et Ryvarden,Waldreben-Zystidenrindenpilz,VU,D1,,
Lobulicium occultum K.H. Larss. et Hjortstam,Fleckenpilz,CR,D1,,
Lycoperdon altimontanum Kreisel,Hochgebirgs-Stäubling,EN,D2,,alpine Art
Lycoperdon decipiens Durieu et Mont.,Steppen-Stäubling,VU,D2,,
Lycoperdon ericaeum Bonord.,Heide-Stäubling,EN,B1ab(iv),,Letzte Fundmeldung 1992
Lycoperdon frigidum Demoulin,Zwergweiden-Stäubling,VU,D1,,alpine Art
Lycoperdon lividum Pers.,Blasser Stäubling,VU,"B1ab(iii,iv)",,teilweise alpine Standorte
Lycoperdon mammiforme Pers.,Flocken-Stäubling,VU,D1,,
Lyophyllum favrei R.Haller et R.Haller,Favres Schwärzling,VU,B1ab(iii),§CH,
Lyophyllum incarnatobrunneum Gerhardt,Fleischbräunlicher Rasling,VU,D1,,
Lyophyllum macrosporum Singer,Grosssporiger Rasling,EN,B1ab(iv),,"feuchtes Grasland, selten"
Lyophyllum ochraceum (Haller) Schwoebel et Reutter,Ockerfarbener Schwärzling,EN,D1,,
Lyophyllum tenebrosum Clemençon,Dunkler Rasling,VU,D1,,
Macrolepiota heimii (Locquin ex) Bon in Bellu,Heims Riesenschirmling,EN,D1,,In mageren Wiesen
Macrolepiota olivascens M.M. Moser inM.M. Moser et Singer,Grünfleckender Riesenschirmlg,VU,D2,,
Macrolepiota permixta Barla,Rötender Riesenschirmling,VU,D2,,
Macrolepiota puellaris (Fr.) M.M. Moser,Jungfern-Schirmling,VU,D1,,vor allem in Graubünden
Macrolepiota venenata Bon,Gift-Schirmling,EN,D1,,
Marasmiellus candidus Bolt.:Fr.,Weißer Zwergschwindling,EN,B1ab(iv)+B2ab(iv)+D1,,
Marasmiellus tricolor (Alb. et Schwein.ex Fr.) Singer,Dreifarbiger Astschwindling,EN,D1,,mageres Grasland
Marasmius anomalus Lasch,Braunscheibiger Schwindling,EN,B1ab(iii),,Trockenwiesen
Marasmius buxi Quel.,Buchsblatt-Schwindling,EN,D1,,"an Buchsblättern, durch gezielte Suche eventuell mehr Standorte"
Marasmius capillipes Sacc.,Pappelblatt-Schwindling,VU,D2,,
Marasmius chordalis Fr.,Rotfleckiger Schwindling,EN,B1ab(iv)+C1i(),,
Marasmius collinus (Scop.ex Fr.) Singer,Hügel-Schwindling,EN,B1ab(iv),,
Marasmius epidryas Kuehner,Silberwurz-Schwindling,EN,D1,,"alpin, an Silberwurz"
Marasmius graminum (Libert) Berk.,Orangerötlicher Schwindling,VU,B1ab(iv),,"Magere Rasen, auch (oder vor allem?) im Siedlungsbereich"
Marasmius hudsonii (Pers.ex Fr.) Fr.,Stechpalmen-Schwindling,CR,D1,,Bei ganz gezielter Suche eventuell mehr Standorte
Marasmius limosus Boud. et Quel.,Schilf-Schwindling,NT,,,Evnetuell übersehen
Marasmius quercophilus Pouzar,Gedrängtblättriger Schwindling,EN,B1ab(iv),,
Marasmius saccharinus (Batsch) Fr.,Netzaderiger Schwindling,EN,B1ab(iv)+C2a(i),,
Marasmius scorodonius (Fr.) Fr.,"Küchen-/Knoblauch-Schwindling, Mousseron",NT,,,eventuell abnehmend
Marasmius tenuiparietalis Singer,Leistenblättriger Schwindling,VU,D1,,
Marasmius tremulae Velen.,Pappel-Schwindling,CR,D1,,
Melanoleuca subpulverulenta (Pers.) Metr.,Bereifter Weichritterling,VU,D1,,
Melanophyllum eyrei (Mass.) Singer,Grünblättriger Zwergschirmling,CR,D1,,
Melanotus phillipsii (Berk. et Broome.) Singer,Dunkelstieliger Krüppelfuß,VU,D1,,
Membranomyces spurius (Bourdot) Juelich,Gelber Hautrindenpilz,VU,D1,,
Metulodontia nivea (Karst.) Parmasto,Weisser Lamprosporenzystidenschwamm,VU,D1,,
Microglossum viride (Pers. ex Fr.) Gillet,Grüne Erdzunge,EN,D1,,
Mitrula paludosa Fr.,Sumpf-Haubenpilz,NT,,,in Hochmooren und Erlenbrüchen
Mollisia lividofusca (Fr.: Fr.) Gillet,Schwarzweißes Filzbecherchen,NT,,,
Mollisia palustris (Roberge) P. Karst.,Binsen-Filzbecherchen,VU,D1,,
Mollisia ramealis (P. Karst.) P. Karst.,Ast-Weichbecherchen,NT,,,
Mucronella calva (Alb. et Schwein.) Fr.,Rasiges Pfriem-Pilzchen,VU,D1,,
Mycena adonis (Bull.: Fr.) S.F.Gray,Korallenroter Helmling,VU,B1ab(iv),,
Mycena adscendens (Lasch) Maas Geest.,Zarter Helmling,VU,D2,,
Mycena alphitophora (Berk.) Sacc.,Königsfarn-Helmling,EN,D1,,an Rinde
Mycena avenacea (Fr.) Quel.,Braunschneidiger Helmling,EN,D1,,"in Wiesen, Rasen"
Mycena clavicularis (Fr.) Gillet,Grosser Schleimfuss-Helmling,EN,D1,,
Mycena fagetorum (Fr.) Gillet,Buchen-Helmling,CR,A3a,,Letzter Fund 1983
Mycena favrei Maas-Geest.,Favre Helmling,CR,D1,,
Mycena floridula (Fr.) Quel.,Glasstiel-Helmling,EN,D1,,
Mycena grisellina J. Favre,Hellgrauer Helmling,CR,D1,,nach Maas Geesteranus nur aus der Schweiz bekannt
Mycena latifolia (Peck) Sacc.,Breitblättriger Helmling,CR,D1,,
Mycena mucor (Batsch ex Fr.) Gillet,Gefalteter Helmling,CR,D1,,
Mycena olida Bres.,Ranziger Rindenhelmling,VU,D1,,
Mycena olivaceomarginata (Massee ap. Cke) Massee,Braunschneidiger Helmling,VU,B1ab(iv),,
Mycena pearsoniana Dennis ex Singer,Fleischfarbener Helmling,EN,D1,,Vor allem in Grünerlengebüschen
Mycena pseudopicta (J.E. Lange) Kuehner,Fastbeschmückter Helmling,EN,"B1ab(ii,iii)",,
Mycena purpureofusca (Peck.) Sacc.,Lilaschneidiger Helmling,EN,B1ab(iv),,
Mycena smithiana Kuehner,Leichtvergänglicher Eichen-Helmling,CR,A3a,,"Letzte Fundmeldung 1984, übersehen?"
Mycena urania (Fr.) Quel.,Dünnstieliger Helmling,EN,D1,,
Mycenella favreana E. Horak,Favre Reifhelmling,CR,D1,,alpin-subalpine Art
Mycenella margaritispora (J.E. Lange) Singer,Perlsporiger Reifhelmling,VU,D1,,
Mycenella trachyspora (Rea) Bon,Reifhelmling,EN,D1,,
Mycoacia aurea (Fr.) J. Erikss. et Ryvarden,Goldgelber Fadenstachelpilz,NT,,,
Myriosclerotinia sulcata (Whetzel) Buchwald,Seggen-Sklerotienbecherling,VU,D1,,
Myriostoma coliforme (Dicks. ex Pers.) Corda,Sieb-Erdstern,CR,A1ac,,"Viele Jahre verschollen, Südalpen"
Mytilodiscus alnicola Kropp et Carp.,Grünerlen-Muschelbecherling,NT,,,an Alnus viridis
Naucoria alnetorum (Maire) Kuehner et Romagn.,Zweisporiger Sumpfschnitzling,VU,B1ab(iii),,
Naucoria amarescens Quel.,Bitterer Schnitzling,NT,,,Brandstellen
Naucoria bohemica Velen.,Weißstieliger Erlenschnitzling,EN,D1,,
Naucoria subconspersa Kuehner,Behangener Schnitzling,NT,,,
Neottiella rutilans (Fr.: Fr.) Dennis,Rotes Moosschälchen,VU,D1,,bis in alpine Stufe
Neottiella vivida (Nyl.) Dennis,Warzigsporiges Moosschälchen,VU,D1,,
Octavianina asterosperma (Vittad.) Kuntze,Sternsporige Laubtrüffel,VU,D1,,
Octospora phagospora (Flageolet et Lorton) Denniset Itzerott,Viersporiges Zwerg-Moosbecherchen,VU,D1,,
Omphalina fusconigra P.D. Orton,Schwarzbrauner Nabeling,CR,D1,,In Mooren
Omphalina griseopallida (Desm.) Quel.,Graufilziger Adermoosling,VU,D1,,auch alpine Art
Omphalina obscurata D.A. Reid,Graubrauner Nabeling,EN,D1,,
Omphalina oniscus (Fr.: Fr.) Quel.,Rußiger Moor-Nabeling,VU,B1ab(iii),,In Mooren
Omphalina philonotis (Lasch ex Fr.) Quel.,Blasser Sumpf-Nabeling,EN,"B1ab(iii,iv)",,
Omphalina pyxidata (Bull.: Fr.) Quel.,Scherbenbrauner Nabeling,VU,B1ab(iii),,"sandige Stellen, trittgefährdet"
Omphalina rivulicola (J. Favre) Lamoure,Bach-Nabeling,NT,,,
Omphalina rustica (Fr.) Quel.,Dickblättriger Heide-Nabeling,EN,"B1ab(ii,iii)",,
Omphalina sphagnicola (Berk.) M.M. Moser,Torfmoos-Nabeling,EN,D1,,
Omphalotus olearius (DC ex Fr.) Singer,Leuchtender Ölbaumpilz,EN,D1,,wird wahrscheinlich von Klimaerwärmung profitieren!
Onnia triqueter (Lenz) Imaz.,Kiefern-Filzporling,VU,B1ab(iv),,
Ossicaulis lignatilis (Pers.: Fr.) Redhead et Ginns 1985,Holztrichterling,VU,D1,,
Otidea alutacea (Pers.) Massee,Ledergelber Öhrling,VU,"B1ab(iii,iv)",,
Otidea bufonia (Pers.) Boud.,Kröten-Oehrling,EN,D1,,
Otidea leporina (Batsch) Fuckel,Hasenohr,VU,"B1ab(iii,iv)",,
Oxyporus obducens (Pers.:Fr.) Donk,Krustenförmiger Steifporling,EN,B1ab(iv)+B2ab(iv),,
Pachykytospora tuberculosa (DC.: Fr.) Kotl.et Pouzar,Rauhsporiger Resupinatporling,EN,B1ab(iv)+B2ab(iv)+D1,,
Panaeolus acuminatus (Schaeff.) Quel.,Kegeliger Düngerling,VU,B1ab(iv)+D1,,
Panaeolus cinctulus Bolton,Dunkelrandiger Düngerling,VU,D1,,
Panaeolus fontinalis A.H.Sm.,Moor-Düngerling,EN,B1ab(iv),,
Panaeolus guttulatus Bres.,Getropfter Düngerling,VU,B1ab(iii),,
Panaeolus olivaceus Moeller,Punktiertsporiger Düngerling,VU,D1,,
Panaeolus reticulatus Overholts,Kleinsporiger Düngerling,VU,D1,,in Feuchtwiesen
Panaeolus retirugis (Fr.) Quel.,Runzeliger Düngerling,VU,D1,,
Panellus ringens (Fr.) Romagn.,Glockenknäuling,VU,D2,,
Panus suavissimus (Fr.) Singer,Anis-Sägeblättling,EN,D1,,an Laubholz
Panus tigrinus (Bull.: Fr.) Singer,Getigerter Sägeblättling,VU,"B1ab(iv,iii)",,
Paullicorticium niveocremeum (Hoehn. et Litsch.) Oberw.,Cremeweisser Multisterigmenpilz,VU,D2,,
Paxillus panuoides Fr.,Muschel-Krempling,NT,,,
Peniophora piceae (Pers.) J. Erikss.,Tannen-Rindenpilz,VU,D1,,
Peniophora pini (Schleich) Boidinss.,Kiefern-Zystidenrindenpilz,CR,B1ab(iii) + D1,,"an Föhren, speziell Pinus mugo"
Peniophora polygonia (Fr.) Bourdot et Galzin,Espen-Rindenpilz,EN,B1ab(iv),,
Peniophora proxima Bres.,Buchs-Zystidenrindenpilz,EN,D1,,An altem Buchs
Peniophora violaceolivida (Sommerf.) Massee,Violetter Zystidenrindenpilz,EN,D2,,
Perenniporia medullapanis (Fr.) Donk,Ockerfarbener Dauerporling,VU,B1ab(iv),,"starke Abnahme, Verlust von Standorten"
Peziza limnaea Maas-Geest.,Schlamm-Becherling,VU,B1ab(iv),,
Peziza moravecii (Svrcek) Donadini,Moravecscher Kotbecherling,VU,D1,,
Phaeocollybia arduennensis Bon,Kleiner Wurzelschnitzling,VU,D1,,
Phaeocollybia cidaris (Fr.) R. Heim,Fuchsiger Wurzelschnitzling,EN,B1ab(iv),,
Phaeocollybia festiva (Fr.) R. Heim,Olivgrüner Wurzelschnitzling,EN,D1,,
Phaeocollybia jennyae (P. Karst.) R. Heim,Kleiner Wurzelschnitzling,EN,D1,,
Phaeogalera oedipus (Cooke) Romagn.,Blätter-Scheinschüppling,VU,D1,,
Phaeogalera stagnina (Fr.) Kuehner,Geschmückter Häubling,EN,D1,,auch alpin
Phaeohelotium monticola (Berk.) Dennis,Braunsporiger Stengelbecherchen,NT,,,
Phaeomarasmius erinaceus (Fr.) Kuehner,Igel-Schüppchenschnitzling,VU,B1ab(iv)+C2a(i),,
Phallogaster saccatus Morgan,Beutelförmige Gallertnuß,VU,D1,,
Phallus hadriani Vent.ex Pers.,Dünen-Stinkmorchel,VU,D1,,"Südalpen, adventiv?"
Phanerochaete leprosa (Bourdot et Galzin) Juelich,Warziger Zystidenrindenschwamm,VU,D1,,"nur aus Tessin nachgewiesen, an Laubholz"
Phanerochaete martelliana (Bres.) J. Erikss. et Ryvarden,Grosssporiger Zystidenrindenpilz,EN,B1ab(iv)+B2ab(iv)+D1,,Art der Südalpen
Phellinus chrysoloma (Fr.) Donk,Fichten-Feuerschwamm,VU,B1ab(iv),,
Phellinus contiguus (Pers.: Fr.) Pat.,Zusammenhängender Feuerschwamm,NT,,,dramatische Abnahme!
Phellinus ferrugineofuscus (P. Karst.) Bourdot et Galzin,Rostrotrandiger Feuerschwamm,EN,B1ab(iv),,
Phellinus laevigatus (Fr. ex P. Karst.) Bourdot et Galzin,Glatter Feuerschwamm,VU,D1,,im Tessin offensichtlich häufig
Phellinus lundellii Niemelae,Lundells Feuerschwamm,EN,D1,,
Phellinus nigricans (Fr.: Fr.) P. Karst.,Schwarzer Birken-Feuerschwamm,EN,D1,,
Phellinus nigrolimitatus (Romell) Bourdot et Galzin,Dunkelgezonter Feuerschwamm,EN,"B1ab(iv,iii)",,"Bergnadelwald, Urwaldzeiger"
Phellinus pini (Brot.: Fr.) L.M. Ames,Kiefern-Feuerschwamm,CR,D1,,
Phellinus rhamni (Bondartsev) H. Jahn,Faulbaum-Feuerschwamm,EN,D1,,nur Tessin!
Phellinus torulosus (Pers.) Bourdot et Galzin,Rotporiger Feuerschwamm,CR,D1,,Art am Rand des Verbreitungsareals
Phellinus tremulae (Bondartsev) Bondartsev et Borissov,Espen-Feuerschwamm,VU,D1,,"ganze Schweiz, aber überall selten, alte Pappeln"
Phellinus viticola (Schwein.: Fr.) Donk,Dünner Feuerschwamm,CR,D1,,
Phellinus vorax (Harkn.) Cerny,Goldrandiger Feuerschwamm,VU,B1ab(iv),,
Phellodon confluens (Pers.) Pouzar,Starkriechender Duftstacheling,VU,"B1ab(iii,iv)+C2a(i)",,
Phellodon melaleucus (Fr.: Fr.) P. Karst.,Schwarzweißer Duftstacheling,VU,"B1ab(iii,iv)",,
Phellodon niger (Fr.: Fr.) P. Karst.,Schwarzer Duftstacheling,VU,B1ab(iii;iv),,
Phlebiella pseudotsugae (Burt) K.H. Larss. et Hjortstam,Douglasien-Faserrandwachshaut,EN,B1ab(iv)+B2ab(iv)+D1,,Pilz der Südalpen
Pholiota alnicola (Fr.) Singer,Erlen-Schüppling,VU,"B1ab(iii,iv)",,
Pholiota cerifera (P. Karst.) P. Karst.,Goldfell-Schüppling,NT,,,
Pholiota conissans (Fr.) M.M. Moser,Gras-Schüppling,NT,,,
Pholiota henningsii (Bres.) P.D. Orton,Torfmoos-Schüppling,CR,D1,,"viele Jahre ohne Nachweise, nun wieder mit einem Fund ausdem Pfäffikerriet von 2004 belegt"
Pholiota heteroclita (Fr.) Quel.,Abweichender Schüppling,EN,B1ab(iv),,
Pholiota jahnii Tjall.-Beuk. et Bas,Pinsel-Schüppling,NT,,,
Pholiota limonella (Peck) Sacc.,Intermediärer Schüppling,EN,B1ab(iv),,
Pholiota lucifera (Lasch) Quel.,Fettiger Schüppling,VU,B1ab(iv),,
Pholiota myosotis (Fr.) Singer,Sumpf-Schwefelkopf,VU,D1,,
Pholiota nematolomoides (J. Favre) M.M. Moser,Schwefelkopfähnlicher Schüppling,VU,D1,,ein seltener montaner Pilz
Pholiota spumosa (Fr.) Singer,Zweifarbiger Schüppling,NT,,,
Pholiota tuberculosa (Schaeff.: Fr.) P. Kumm.,Rötender Schüppling,VU,D1,,
Pholiotina aeruginosa (Romagn.) Moser,Grünspan-Glockenschüppling,EN,D1,,
Pholiotina cyanopus (G.F. Atk.) Singer,Blaufuss-Samthäubchen,EN,D1,,Adventive Art? Letzter Fund 1986
Pholiotina striaepes (Cooke) Lundell,Weißstieliges Samthäubchen,NT,,,wieso keine neueren Funde?
Phylloporus rhodoxanthus (Schwein.) Bres.,Goldblatt,NT,,,
Picoa carthusiana Tul.,Karthäusertrüffel,VU,D1,,
Pithya cupressina (Batsch ex Fr.) Fuckel,Orangegelber Wacholderbecherling,VU,D1,,
Plectania melastoma (Sowerby: Fr.) Fuckel,Schwarzmündiger Flechtbecherling,EN,D1,,
Pleurocybella porrigens (Pers.:Fr.) Singer,Ohrförmiger Seitling,VU,B1ab(iv);C2a(i),,
Pleurotus cornucopiae Paul.:Fr.,Rillstieliger Seitling,VU,B1ab(iv),,
Pleurotus eryngii (DC.: Fr.) Quel.,Kräuter-Seitling,EN,"B1ab(ii,iii)",,unbeschriebene Varietät des Alpenbogens
Pleurotus pulmonarius Fr.,Cremeweißer Seitling,NT,,,
Plicaria anthracina (Cooke) Boud.,Brandstellen-Becherling,NT,,,
Pluteus aurantiorugosus (Trog.) Sacc.,Orangeroter Dachpilz,EN,"B1ab(iv,iii)",§CH,
Pluteus chrysophaeus (Schff.:Fr.) Quel.,Zimtfarbiger Dachpilz,VU,B1ab(iv),,
Pluteus cyanopus (Quel.) Metrod,Blaustieliger Dachpilz,EN,B1ab(iv)+D1,,
Pluteus ephebeus (Fr.: Fr.) Gillet,Sepiabrauner Samt-Dachpilz,VU,B1ab(iv),,
Pluteus granulatus Bres.,Körniger Dachpilz,CR,D1,,
Pluteus hiatulus Romagn.,Dünnfleischiger Dachpilz,CR,D1,,
Pluteus luctuosus Boud.,Braunschneidiger Dachpilz,VU,B1ab(iv)+D1,,
Pluteus mammifer Romagn.,Gebuckelter Dachpilz,VU,D1,,
Pluteus minutissimus Maire,Mehlstieliger Dachpilz,VU,B1ab(iv)+D1,,
Pluteus pellitus (Pers.:Fr.) P. Kumm.,Weißer Dachpilz,EN,D1,,
Pluteus phlebophorus (Ditm.:Fr.) Kumm.,Netzaderiger Zwerg-Dachpilz,NT,,,
Pluteus poliocnemis Kuehner,Runzeliger Dachpilz,CR,D1,,
Pluteus pseudorobertii M.M. Moser et Stangl,Grauschuppiger Dachpilz,EN,B1ab(iv),,
Pluteus thomsonii (Berk. et Broome) Dennis,Graustieliger Adern-Dachpilz,VU,B1ab(iv),,
Pluteus umbrosus (Pers.:Fr.) P. Kumm.,Schwarzflockiger Dachpilz,NT,,,
Polyporus arcularius (Batsch: Fr.) Fr.,Weitlöcheriger Porling,NT,,,
Polyporus rhizophilus (Pat.) Sacc.,Steppenporling,EN,"B1ab(ii,iii)+D1",,An der Basis von Steppengräsern (Stipa)
Poronia punctata (L. :Fr.) Fr.,Punktierte Porenscheibe,CR,D1,,
Porpoloma metapodium (Fr.) Singer,Schwärzender Wiesenritterling,VU,"B1ab(iii,iv)+C2a(i)",,
Porpoloma pescaprae (Fr.) Singer,Spitzhütiger Wiesenritterling,VU,"B1ab(iii,iv)",,
Porpoloma spinulosum (Kuehner. et Romagn.) Singer,Borstiger Wiesenritterling,CR,D1,,
Protodontia piceicola (Kuehner ex Bourdot) Martin,Gallertiger Resupinatstacheling,VU,D1,,
Psathyrella canoceps (C.H.Kauffm.) A.H.Smith,Haariger Faserling,VU,D1,,
Psathyrella caputmedusae (Fr.) Konrad et Maubl.,Medusenhaupt,VU,D1,,
Psathyrella cernua (Vahl:Fr.) Hirsch,Ausblassender Faserling,VU,B1ab(iv),,
Psathyrella chondroderma (Berk. et Broome) A.H.Smith,Netziger Faserling,VU,B1ab(iv)+D1,,
Psathyrella cotonea (Quel.) Konrad et Maubl.,Schwefelfüßiger Faserling,VU,B1ab(iv)+D1,,Mittellandpilz
Psathyrella fatua (Fr.) Konrad et Maubl.,Tonblasser Faserling,NT,,,
Psathyrella friesii Kits van Wav.,Gefurchter Faserling,EN,B1ab(iv),,
Psathyrella leucotephra (Berk.et Broome) P.D. Orton,Ringfaserling,NT,,,
Psathyrella pennata (Fr.) Singer,Kohlen-Faserling,VU,D1,,
Psathyrella populina (Britzelm.) Kitsv.Wav.,Schwarzgestreifter Faserling,NT,,,
Psathyrella sacchariolens Enderle nom.prov.,Süßriechender Faserling,VU,D1,,
Psathyrella spadicea (Fr.) Singer,Schokoladenbrauner Faserling,VU,B1ab(iv),,
Psathyrella sphagnicola Maire,Moor-Zärtling,EN,"B1ab(iii,iv)",,an Sphagnum in offenen Hochmoorflächen
Psathyrella typhae (Kalchbr.) Pearson et Dennis,Halm-Faserling,EN,D1,,Halmen von Schilf und grossen Seggen
Pseudoclitocybe obbata (Fr.) Singer,Dunkler Gabeltrichterling,EN,"B1ab(ii,iii)",,
Pseudombrophila theioleuca Rolland,Schwefelgelber Dungbecherling,NT,,,
Pseudomerulius aureus (Fr.) Juelich,Goldgelber Fältling,EN,A4b,,"an sonnigen Stellen, auch Zaunpfähle nach Lit.; letzte Fundmeldung 1995"
Pseudoomphalina kalchbrenneri (Bres.) Singer,Kalchbrenners Scheinnabeling,VU,D2,,in Nadelstreu
Pseudoplectania vogesiaca (Pers.) Seav.,Gestielter Schwarzborstling,EN,D1,,
Pseudorhizina sphaerospora (Peck) Pouzar,Nadelholz-Scheinlorchel,EN,D1,,
Psilocybe coprophila (Bull.: Fr.) Quel.,Mist-Kahlkopf,VU,B1ab(iv),,
Psilocybe inquilina (Fr.: Fr.) Bres.,Klebhaut-Kahlkopf,NT,,,
Psilocybe turficola J. Favre,Torf-Kahlkopf,NT,,,In Mooren
Psilocybe velifera J. Favre,Behangener Kahlkopf,CR,D1,,"in Polstern von Carex firma, letzte Fundmeldung 1953"
Pulveroboletus gentilis (Quel.) Singer,Goldporiger Röhrling,VU,"B1ab(iii,iv)",,
Pulveroboletus hemichrysus (Berk. et M.A. Curtis) Singer,Schwefel-Röhrling,CR,A2a,,Letzte Fundmeldung 1940; an moderigem Holz
Pulveroboletus lignicola (Kbch.) Pilat,Nadelholz-Röhrling,VU,"B1ab(iii,iv)",,
Ramaria abietina (Pers.: Fr.) Quel.,Grünfleckende Koralle,NT,,,
Ramaria apiculata (Fr.) Donk,Grünspitzige Koralle,EN,"B1ab(iii,iv)+D1",,
Ramaria aurea (Schaeff.) Quel.,Goldgelbe Koralle,NT,,,
Ramaria bataillei (Maire) Corner,Batailles Koralle,VU,B1ab(iii),,
Ramaria botrytis (Pers.: Fr.) Ricken,Hahnenkamm,VU,B1ab(iii),,
Ramaria broomei (Cotton et Wakef.) R.H. Petersen,Broomes Bitter-Koralle,CR,D1,,
Ramaria curta (Fr.) Schild,Kurzsporige Koralle,CR,D1,,Letzte Fundmeldung 1979
Ramaria eumorpha (P. Karst.) Corner,Ockergelbe Koralle,NT,,,
Ramaria flavescens (Schaeff.) R.H. Petersen,Gelbliche Koralle,VU,B1ab(iii),,
Ramaria flavobrunnescens (G.F. Atk.) Corner,Gelbbräunende Koralle,EN,"B1ab(iii,iv)+D1",,
Ramaria ignicolor Bres.ex Corner,Feuerfarbene Koralle,VU,D1,,
Ramaria myceliosa (Peck) Corner,Kurzsporige Koralle,VU,D2,,
Ramaria neoformosa R.H. Petersen,Formosaähnliche Koralle,EN,D1,,
Ramaria roellinii Schild,Steppen-Koralle,CR,A2ac,,Letzte Fundmeldung 1965
Ramaria sanguinea (Pers.) Quel.,Blutrotfleckende Koralle,NT,,,
Ramaria subbotrytis (Coker) Corner,Schönfarbige Koralle,VU,D1,,
Ramaria suecica (Fr.) Donk,Schwedische Koralle,NT,,,
Ramaria testaceoflava (Bres.) Corner,Ziegelgelbe Koralle,EN,D1,,
Ramariopsis pulchella (Boud.) Corner,Hübsche Wiesenkeule,EN,"B1ab(ii,iii)",,im Grasland und grasigen Wäldern
Resinicium furfuraceum (Bres.) Parmasto,Kleiiger Harzzahn,VU,D2,,
Resupinatus kavinii (Pilat) M.M. Moser,Dickblättriger Liliputseitling,NT,,,nur in Westschweiz!
Rhizopogon obtextus (Sprengel) R.Rauschert,Gelbbräunliche Wurzeltrüffel,VU,D1,,
Rhodocybe ardosiaca E. Horak et Griesser,Blaustieliger Tellerling,EN,D1,,Auenwald
Rhodocybe caelata (Fr.) Maire,Genabelter Tellerling,NT,,,
Rhodocybe hirneola (Fr.: Fr.) P.D. Orton,Glänzender Tellerling,EN,Biab(iv),,"Nur Unterengadin und ein Fund aus dem Tessin, letzter Fund 1987"
Rhodocybe melleopallens P.D. Orton,Honiggelber Tellerling,EN,D1,,
Rhodocybe popinalis (Fr.) Singer,Bereifter Tellerling,VU,"B1ab(iii,iv)",,
Rhodocybe stangliana (Bresinsky et Pfaff) Riousset et Joss.,Knolliger Tellerling,EN,B1ab(iv),,Fichtenwald
Rhodoscypha ovilla (Peck) Dissing et Sivertsen,Rosafarbiger Weißhaarbecherling,VU,D1,,
Rhytisma salicinum (Pers.) Fr.,Weiden-Runzelschorf,EN,B1ab(iv)+D1,,an Weidenblättern
Rickenella mellea (Singer et Clemençon) Lamoure,Honigbrauner Heftelnabeling,VU,D1,,alpine Art
Ripartites albidoincarnata (Britzelm.) Konr. et Maubl.,Fleischrosafarbener Filzkrempling,CR,A2a,,Letzte Fundmeldung 1974
Ripartites serotinus Einhell.,Später Filzkrempling,CR,A2a,,Letzte Fundmeldung 1965
Russula amoenicolor Romagn.,Brätlings-Täubling,EN,D1,,
Russula amoenolens Romagn.,Camembert-Täubling,VU,B1ab(iii),,
Russula anatina Romagn.,Enten-Täubling,EN,D1,,
Russula brunneoviolacea Crawsh.,Violettbrauner Samt-Täubling,EN,D1,,
Russula carminipes Blum,Bereifter Ledertäubling,EN,D1,,
Russula cicatricata Romagn.,Olivbrauner Heringstäubling,EN,D1,,
Russula claroflava Grove,Chromgelber Graustieltäubling,VU,B1ab(iv),,
Russula consobrina (Fr.:Fr.) Fr.,Rußgrauer Täubling,VU,D1,,
Russula cremeoavellanea Singer,Freudiger Täubling,EN,D1,,
Russula cuprea Krombh.,Scharfer Kupfer-Täubling,VU,"B1ab(iii,iv)",,
Russula curtipes F.H. Moeller & Jul. Schaeff.,Kurzstieliger Ledertäubling,VU,D1,,
Russula cutefracta Cooke,Rissiger Zinnober-Täubling,NT,,,
Russula dryadicola Felln. et Landa,Silberwurz-Täubling,EN,D1,,alpine Art bei Silberwurz
Russula elaeodes (Bres.?) Rom.,Hellgrüner Heringstäubling,VU,D1,,
Russula emeticicolor (Jul. Schaeff.) Singer,Kleiner Zinnobertäubling,EN,D1,,
Russula faginea Romagn.,Buchen-Heringstäubling,VU,"B1ab(iii,iv)",,
Russula fuscorubra (Bres.) Singer,Braunroter Täubling,VU,D1,,
Russula galochroa Fr.,Cremeweißer Täubling,CR,D1,,
Russula gracillima J. Schaeff.,Zierlicher Birken-Täubling,NT,,,Rückgangstendenz
Russula graveolens Romell,Violettlicher Heringstäubling,EN,D1,,
Russula griseascens (Bon et Gaugue) L. Marti,Grauender Speitäubling,VU,D1,,Moorränder
Russula lilacea Quel.,Violettrissiger Frauentäubling,EN,D1,,
Russula livescens (Batsch) Quel.ss. Bres.,Kamm-Täubling,VU,"B1ab(iii,iv)",,
Russula lundellii Singer,Pracht-Täubling,EN,D1,,Art der Südalpen
Russula maculata Quel.et Roz.,Gefleckter Täubling,VU,"B1ab(iii,iv)",,
Russula medullata Romagn.,Falscher Frauen-Täubling,VU,D1,,
Russula melliolens Quel.,Honig-Täubling,VU,D1,,
Russula melzeri Zvara,Roter Samt-Täubling,EN,D1,,Letzte Fundmeldung 1992
Russula minutula Velen.,Kleiner Rosa-Täubling,NT,,,
Russula odorata Romagn.,Duftender Täubling,EN,D1,,
Russula pallidospora (Blum) Romagn.,Gelbblättriger Täubling,EN,D1,,
Russula pectinata (Bull.:St.-Am.) Fr. ss.Singer,Schärflicher Kamm-Täubling,EN,B1ab(iv)+D1,,
Russula postiana Romell,Grünverfärbender Täubling,VU,D1,,
Russula pseudointegra Arnoult et Goris,Ockerblättriger Zinnobertäubling,VU,D1,,
Russula roseipes Secr.ss. Bres.,Rosastieliger Täubling,EN,D1,,
Russula rubra (Lamb.ex Fr.) Fr.ss.Bresadola,Scharfer Zinnobertäubling,EN,D1,,
"Russula sororia (Fr.) Romell ss.Boud., Romagn.",Großer Kamm-Täubling,EN,D1,,
Russula subfoetens W.G.Smith,Gilbender Stink-Täubling,VU,B1ab(iii),,
Russula taeniospora Einhell.,Karminroter Täubling,VU,D1,,
Russula urens Romell ap. Maire ex Singer,Scharfer Grüntäubling,VU,D1,,
Russula velenovskyi Melzer et Zwara,Ziegelroter Täubling,VU,D1,,
Russula velutipes Velen.,Rosen-Täubling,NT,,,
Russula versicolor J. Schaeff.,Vielfarbiger Täubling,VU,B1ab(iv),,
Russula veternosa Fr.,Scharfer Honigtäubling,EN,D1,,
Russula vinosobrunnea (Bres.) Romagn.,Weinbrauner Täubling,EN,"B1ab(iii,iv)",,
Rutstroemia elatina (Alb. et Schwein.:Fr.) Rehm,Weisstannen-Stromabecherling,VU,B1ab(iv),,Frühling
Sarcodon fennicus (P. Karst.) P. Karst.,Finnischer Stacheling,CR,A4a,,Letzte Fundmeldung 1950
Sarcodon fuligineoviolaceus (Kalchbr.ap.Fr.) Pat.,Brennender Stacheling,VU,D2,,
Sarcodon glaucopus Maas-Geest. et Nannf.,Blaufüßiger Stacheling,VU,B1ab(iii),,Warum keine Funde im Mittelland?
Sarcodon joeides (Pass.) Bat.,Blaufleischiger Stacheling,EN,"B1ab(iii,iv)",§CH,"Laubwald, zeitlicher Rückgang"
Sarcodon leucopus (Pers.) Maas-Gest. et Nannf.,Widerlicher Stacheling,EN,"B1ab(iii,iv)",,Wald-Sonderstandort
Sarcodon martioflavus (Snell et al.apud Snell et Dick) Maas-Geest.,Orangefüßiger Stacheling,VU,D2,,
Sarcodon scabrosus (Fr.) P. Karst.,Gallen-Stacheling,VU,"B1ab(iii,iv)",,Bei Tanne
Sarcodon versipellis (Fr.) Quel.,Orangebrauner Stacheling,VU,B1ab(iii),,Voralpen
Sarcodontia crocea (Schwein.: Fr.) Kotlaba,Krustenförmiger Stachelbart,EN,B1ab(iii),,an alten Apfelbäumen
Sarcoleotia globosa (Sommerf.:Fr.)Korf,Kugeliger Gallertkopf,VU,D1,,"alpine Art, sandige Gletschervorfelder"
Sarcoleotia turficola (Boud.) Dennis,Zweifarbiger Gallertbecher,EN,D1,,In Mooren
Scleroderma fuscum (Corda) Fischer,Rotbrauner Hartbovist,EN,D1,,
Scleroderma polyrhizum Gmel.ex Pers.,Starkwurzelnder Hartbovist,CR,D1,,nur aus dem Tessin nachgewiesen
Scleroderma verrucosum (Bull.) ex Pers.,Braunwarziger Kartoffelbovist,VU,B1ab(iii),,
Scutellinia mirabilis Dissing et Sivertsen,Wunder-Schildborstling,VU,D1,,
Scutellinia nigrohirtula (Svcrek) LeGal,Rauhhaariger Schildborstling,VU,D1,,
Scutellinia paludicola (Boud.) LeGal,Sumpf-Schildborstling,VU,D1,,
Scutellinia setosa (Nees:Fr.) O. Kuntze,Glattsporiger Schildborstling,VU,D1,,
Scutiger cristatus (Pers.: Fr.) Kotl. et Pouzar,Grüner Kammporling,VU,"B1ab(iii,iv)",,
Scutiger pescaprae (Pers.: Fr.) Bond. et Singer,Ziegenfuß-Porling,VU,"B1ab(iii,iv)",,
Sebacina dimitica Oberw.,Dimitische Wachskruste,VU,D1,,
Sericeomyces serenus (Fr.) Heinem.,Seidenschirmling,VU,D1,,xerotherme Standorte
Sericeomyces sericatus (K. et R.) Heinem.,Weisser Seidenschirmling,EN,D1,,
Simocybe centunculus (Fr.) Singer,Buchen-Schnitzling,NT,,,
Simocybe laevigata (J. Favre) P.D. Orton,Olivschnitzling,EN,B1ab(iii)+C2a(i),,Flachmoore
Simocybe reducta (Fr.) Karst.,Bernsteinfüßiger Schnitzling,EN,B1ab(iv),,
Simocybe sumptuosa (Orton) Singer,Großsporiger Buchen-Schnitzling,VU,D1,,
Sistotrema confluens Pers.:Fr.,Kreiselförmiger Schütterzahn,EN,B1ab(iv),,"am Boden auf Moosen, abgefallenen Blättern"
Skeletocutis lilacina A. David & Jean Keller (1984),Lilafarbener Korpelporling,CR,D1,,
Sowerbyella imperialis (Peck) Korf,Orangefarbiger Wurzelbecherling,VU,B1ab(iv),,Frühlingspilz
Sowerbyella radiculata (Sow.:Fr.) Nannf.,Ockergelber Wurzelbecherling,VU,D1,,
Spathularia neesii Bres.,ledergelber Spateling,EN,B1ab(iv),,im Nadelstreu
Spongipellis pachyodon (Pers.) Kotl.et Pouz.,Breitstacheliger Schwammporling,VU,B2ab(iv),,
Spongipellis spumeus (Sow.ex Fr.) Pat.,Laubholz-Schwammporling,EN,B1ab(iv)+B2ab(iv),,
Spongiporus balsameus (Peck) David,Wohlriechender Saftporling,EN,B1ab(iv),,
Squamanita odorata (Cool) Bas.,Duftender Schuppenwulstling,CR,D1,,im urbanen Raum
Squamanita paradoxa (Smith et Singer) Bas,Goldtstiel-Schuppenwulstling,CR,D1,,im urbanen Raum
Squamanita schreieri Imbach,Gelber Schuppenwulstling,EN,"B1ab(iii,iv)+D1",§CH,Auenwälder
Steccherinum bourdotii Saliba et J.C. David,Kleinsporiger Resupinatstacheling,EN,B1ab(iv)+B2ab(iv)+D1,,Südalpenpilz?
Steccherinum dichroum ss.Boud. et Galzin,Zweifarbiger Resupinatstacheling,EN,B1ab(iv)+D2,,
Steccherinum oreophilum Linds. et Gilberts,Berg-Resupinatstacheling,VU,D1,,
Stephanospora caroticolor (Berk.) Pat.,Karottentrüffel,NT,,,"als Hypogäe untervertreten, aber gut kenntlich Art"
Stigmatolemma conspersum (Pers.ex Fr.) Donk,Tannen-Stromabecherchen,EN,D1,,an Tannenholz
Stigmatolemma urceolatum (Wallr.:Fr.) Donk,Napfförmiges Stromabecherchen,VU,D2,,morsches Holz
Stropharia albocyanea (Desm.) Quel.,Blauer Träuschling,VU,B1ab(iii),,Grasland
Stropharia hornemannii (Weinm.:Fr.) Lund. et Nannf.,Üppiger Träuschling,CR,D1,,
Stropharia melasperma (Bull.ex Fr.) Quel.,Schwarzblättriger Träuschling,VU,B1ab(iv)+D1,,gedüngte Standorte
Suillus flavidus (Fr.) Singer,Moor-Röhrling,EN,B2ab(iv),,in Flach- und Hochmooren bei Föhren
Suillus plorans (Roll.) Singer,Zirbenröhrling,VU,B1ab(iii),§CH,
Suillus sibiricus Singer,Beringter Zirbenröhrling,VU,B1ab(iii),,
Tapesia rosae (Pers.) Fuckel,Rosen-Filzbecherchen,VU,D1,,
Tectella patellaris (Fr.) Murr.,Klebriger Schleierseitling,EN,D1,,"an Laubholz, insbesondere Erle"
Tephrocybe admissa (Britzelm.),Glasigers Graublatt,VU,D1,,
Tephrocybe ambusta (Fr.) Donk,Spitzhütiges Kohlen-Graublatt,NT,,,An Brandstellen
Tephrocybe mephitica (Fr.),Kleinsporiges Graublatt,EN,D1,,
Tephrocybe palustris (Peck) Donk,Sumpf-Graublatt,VU,B1ab(iv),,In Schlenken an Sphagnum
Tephrocybe putida (Fr.) M.M. Moser,Dickfleischiges Graublatt,VU,D1,,
Tephrocybe tylicolor (Fr.) M.M. Moser,Geriefter Graublattrübling,NT,,,
Thelephora anthocephala (Bull.:Fr.) Pers.,Blumenartige Lederkoralle,VU,"B1ab(iii,iv)",,
Thuemenidium atropurpureum (Batsch) O.Kuntze,Schwarzrote Blasssporerdzunge,VU,D1,,
Tomentella subclavigera Litsch.,Keulenzystiden-Filzgewebe,VU,D1,,rar aber weit verbreitet
Trechispora confinis (Bourdot et Galzin) Liberta,Stachelporling,VU,D1,,nur Tessin
Trechispora fastidiosa (Pers.:Fr.) Liberta,Stinkender Stachelsporling,VU,D1,,"ev eine südeuropäische Art auf Kalkböden, terrestrisch Lebensweise"
Trechispora microspora (P. Karst.) Liberta,Rundsporiger Stachelsporling,VU,B1ab(iv)+B2ab(iv),,weit verbreitet aber nicht häufig
Trechispora stellulata (Bourdot et Galzin) Liberta,langstacheliger Stachelsporling,VU,D1,,
Trechispora sulphurea (Pers.: Fr.) Liberta,Schwefelgelber Rindenpilz,VU,B1ab(iv),,
Trichoglossum hirsutum (Pers.:Fr.) Boud.,Behaarte Erdzunge,NT,,,"Feuchtwiesen, Moorart"
Tricholoma acerbum (Bull.:Fr.) Quel.,Gerippter Ritterling,VU,"B1ab(iii,iv),+B2ab(iv)",,
Tricholoma apium Jul. Schaeff.,Sellerie-Ritterling,CR,D1,,
Tricholoma arvernense Bon,Orangebrauner Ritterling,EN,"B1ab(iii,iv)+2ab(iv)",,
Tricholoma bresadolianum Clemencon,Bitterer Buchen-Ritterling,EN,"B1ab(iii,iv)",,bei Buchen
Tricholoma caligatum (Viv.) Ricken,Krokodil-Ritterling,VU,"B1ab(iii,iv)",§CH,
Tricholoma cingulatum (Fr.) Jacobasch,Beringter Erdritterling,NT,,,Abnahme?
Tricholoma colossus (Fr.) Quel.,Riesenritterling,EN,B1ab(iii)+D1,§CH,bei Föhren
Tricholoma focale (Fr.) Ricken,Orangebrauner Halsbandritterling,EN,"B1ab(iii,iv)+D1",,
Tricholoma fucatum (Fr.) Sacc.non ss.Ricken,Olivgrüner Ritterling,VU,B1ab(iv)+B2ab(iv),,
Tricholoma inocybeoides Pearson,Spitzgebuckelter Ritterling,EN,B1ab(iv)+B2ab(iii),,"bei Birken, auch in Parks"
Tricholoma inodermeum (Fr.) Gillet,Rissigfädiger Ritterling,EN,B1ab(iv)+D1,,"in Nadelwäldern auf Kalk, sehr selten"
Tricholoma luridum (Schff.ex Fr.) Quel.,Graublättriger Ritterling,NT,,,
Tricholoma pessundatum (Fr.) Quel.,Getropfter Ritterling,VU,D1,,
Tricholoma roseoacerbum Bon et Riva,Gerippter Rosa-Ritterling,EN,D1,,"bei Kastanien, Buchen der Birken"
Tricholoma stans (Fr.) Sacc.,Rotfleckendender Kiefern-Ritterling,VU,"B1ab(iii,iv)",,
Tricholoma sudum (Fr.) Quel.,Falbgrauer Ritterling,EN,D1,,seltene Art der Nadelwälder
Tricholoma sulphurescens Bres.,Salziger Ritterling,VU,D1,,"auf kalkreichen Böden bei Laubbäumen, auch in Parkanlagen"
Tricholoma triste (Scop.ex Fr.) Quel.,Rußstieliger Erdritterling,VU,D1,,"Nadelwälder, selten"
Tricholoma ustaloides Romagn.,Bitterer Eichen-Ritterling,VU,"B1ab(iii,iv)",,
Tricholoma viridifucatum Bon,Grünfarbiger Ritterling,VU,D1,,
Tricholomopsis flammula Metrod,Kleiner Holzritterling,VU,D2,,
Tricholomopsis ornata (Fr.) Singer,Rostschuppiger Holzritterling,VU,D1,,
Trichophaea abundans (Karsten) Boud.,Rundlicher Borstling,NT,,,
Trichophaea hemisphaerioides (Mouton) Graddon,Halbkugeliger Borstling,NT,,,
Trichophaeopsis  paludosa (Boud.) Haeffner et L.G. Krieglst.,Sumpf-Borstling,VU,D1,,
Tubaria confragosa (Pers.) Kuehner (1969),Beringter Trompetenschnitzling,VU,D2,,
Tubaria dispersa (Pers.) Singer,GelbblättrigerTrompetenschnitzling,VU,D2,,"dürfte von den Heckenaktionen und den aufgelichteten Waldrändern profitieren, sehr spezialisierte Art, bei Weissdorn"
Tubaria pallidispora J.E. Lange,Blaßsporigiger Trompetenschnitzling,VU,B1ab(iv),,
Tubaria praestans (Romagn) Moser,Ansehnlicher Trompetenschnitzling,EN,B1ab(iv),,
Tuber borchii Vittad.,Weißliche Trüffel,EN,D1,,auch in Parks
Tulasnella eichleriana Bres.,Milchiger Wachskrustenpilz,VU,D1,,
Tulostoma brumale Pers.: Pers.,Zitzen-Stielbovist,VU,D1,,sandige Böden
Tulostoma melanocyclum Bres.in Petri,Schwarzgehöfter Stielbovist,CR,D1,,xerotherme Standorte
Tulostoma petrii Bres. in Petri,Petris Stielbovist,CR,D1,,xerotherme Standorte
Tulostoma squamosum Gmel.ex Pers.,Brauner Stielbovist,EN,"B1ab(ii,iii)",,"sandiger, offener Boden"
Tylospora asterophora (Bonord.) Donk,Sternsporiger Warzensporling,VU,D1,,
Tyromyces chioneus (Fr.:Fr.) P. Karst.,Kurzröhriger Saftporling,EN,B1ab(iv),,an Laubholz
Tyromyces floriformis (Quél.) Bondartsev & Singer,Rosetten-Saftporling,EN,B1ab(iv)+B2ab(iv),,
Tyromyces placenta (Fr.) Ryvarden,Rosafarbener Saftporling,VU,B1ab(iv)+C2a(i),,
Urnula craterium (Schwein.) Fr.,Schwarzer Kelchpilz,CR,D1,,
Uthatobasidium fusisporum (Schroet.) Donk,Spindelsporiger Hydrabasidienpilz,NT,,,
Veluticeps abietina (Pers.:Fr.) Hjortstam et Telleria,Tannen-Buckelchenschichtpilz,NT,,,nur im Tessin
Verpa bohemica (Krombholz) Schroeter,Böhmische Verpel,VU,"B1ab(iii,iv)",,Auenwälder
Verpa conica (Timm: Fr.) Swartz,Fingerhut-Verpel,NT,,§CH,"Frühlingspilz, sandige Böden"
Volvariella bombycina (Pers.:Fr.) Singer,Wolliger Scheidling,EN,B1ab(iv),,an toten Partien alter Laubbäume
Volvariella caesiotincta P.D. Orton,Blaugrauer Scheidling,VU,D1,,
Volvariella surrecta (Knapp) Singer,Prasitischer Scheidling,NT,,,
Volvariella taylori (Berk.) Gillet,Asche-Scheidling,VU,D1,,"Ruderalstellen, nur Deutschschweiz"
Xenasma pruinosum (Pat.) Donk,Mehlige Wachshaut,EN,B1ab(iv),,
Xenasma pulverulentum (Litsch.) Donk,Körnige Wachshaut,VU,D1,,
Xerocomus armeniacus (Quel.) Quel.,Aprikosenfarbiger Röhrling,VU,B1ab(iii),,
Xerocomus moravicus (Vacek) Herink,Mährischer Röhrling,EN,"B1ab(iii,iv)",,
Xerocomus parasiticus (Bull.:Fr.) Quel.,Schmarotzer-Röhrling,VU,C1a(i),,
Xerocomus porosporus Imler,Falscher Rotfußröhrling,VU,D1,,Eventuell verkannt
Xerula caussei Maire,Schwarzbrauner Wurzelrübling,EN,D1,,bei Buchen auf Kalkböden
Xylaria filiformis (Alb. et Schwein.: Fr.) Fr.,Fädige Holzkeule,VU,D1,,